Workbook
Name PostePosition: PostePosition!$B$20:$C$42

Sheet BD-TABsAintégrer
A1: MFB Sport | B1: - | C1: -
A23: DataSource | B23: ID_footballer | C23: Gender | D23: FirstName | E23: LastName | F23: Position | G23: CountryOfOrigin | H23: YearOfBirth | I23: Club | J23: Caps | K23: Goals | L23: Serious_injury
A29: SELECT | B29: "Tab2_Goalkeeper", ID, "M", INITCAP(FirstName), UPPER(LastName), INITCAP(Position), UPPER(Country_Origin),
B30: NULL, NULL, NULL, NULL, NULL
A31: FROM | B31: Tab2_Goalkeeper
A32: WHERE …
A34: UNION
A37: SELECT | B37: "Tab3_TOP10_JoueursFoot", ID, "M", INITCAP(Prénom), UPPER(NOM), INITCAP(Poste), UPPER(TRANSLATECOUNTRY(Pays2Naissance), Année2Naissance,
B38: NULL, NULL, NULL, NULL
A39: FROM | B39: Tab3_TOP10_JoueursFoot
A40: WHERE …
A42: UNION
A45: SELECT | B45: "Tab4_BlessuresJoueurs", NULL, "M", INITCAP(Prénom), UPPER(NOM), NULL, NULL, NULL, NULL,
B46: NULL, NULL, INITCAP(Type2Blessure_Grave)
A47: FROM | B47: Tab4_BlessuresJoueurs
A48: WHERE …
A50: UNION
A53: SELECT | B53: "Tab5_JoueusesFoot", NULL, "F", INITCAP(EXTRACTFN(Name)), UPPER(EXTRACTLN(Name)), INITCAP(Position), UPPER(Nationality), EXTRACTY(DateOfBirth),
B54: Club, Caps, Goals, NULL
A55: FROM | B55: Tab5_JoueusesFoot
A56: WHERE …
A58: UNION ALL
A60: SELECT | B60: "Tab1_Joueurs", ID, "M", INITCAP(Prénom), UPPER(NOM), INITCAP(TRANSLATEPOSTE(Poste)), UPPER(TRANSLATECOUNTRY(PaysdOrigine), Année2Naissance,
B61: NULL, NULL, NULL, NULL
A62: FROM | B62: Tab1_Joueurs
A63: WHERE …
A64: ;

Sheet BD-DWH
A1: DataSource | B1: ID_footballer | C1: Gender | D1: FirstName | E1: LastName | F1: Position | G1: CountryOfOrigin | H1: YearOfBirth | I1: Club | J1: Caps | K1: Goals | L1: Serious_injury
A2: Tab2_Goalkeeper | B2: GERGK01 | C2: M | D2: Manuel | E2: NEUER | F2: Goalkeeper | G2: GERMANY | H2: NULL | I2: NULL | J2: NULL | K2: NULL | L2: NULL
A3: Tab2_Goalkeeper | B3: GERGK02 | C3: M | D3: Marc-André | E3: TER STEGEN | F3: Goalkeeper | G3: GERMANY | H3: NULL | I3: NULL | J3: NULL | K3: NULL | L3: NULL
A4: Tab2_Goalkeeper | B4: ENGGK03 | C4: M | D4: Nick | E4: POPE | F4: Goalkeeper | G4: ENGLAND | H4: NULL | I4: NULL | J4: NULL | K4: NULL | L4: NULL
A5: Tab2_Goalkeeper | B5: ENGGK04 | C5: M | D5: Jordan | E5: PICKFORD | F5: Goalkeeper | G5: ENGLAND | H5: NULL | I5: NULL | J5: NULL | K5: NULL | L5: NULL
A6: Tab2_Goalkeeper | B6: ENGGK05 | C6: M | D6: Aaron | E6: RAMSDALE | F6: Goalkeeper | G6: ENGLAND | H6: NULL | I6: NULL | J6: NULL | K6: NULL | L6: NULL
A7: Tab2_Goalkeeper | B7: ARGGK06 | C7: M | D7: Emiliano | E7: MARTÍNEZ | F7: Goalkeeper | G7: ARGENTINA | H7: NULL | I7: NULL | J7: NULL | K7: NULL | L7: NULL
A8: Tab2_Goalkeeper | B8: BELGK07 | C8: M | D8: Thibaut | E8: COURTOIS | F8: Goalkeeper | G8: BELGIUM | H8: NULL | I8: NULL | J8: NULL | K8: NULL | L8: NULL
A9: Tab2_Goalkeeper | B9: BRAGK08 | C9: M | D9: Becker | E9: ALISSON | F9: Goalkeeper | G9: BRAZIL | H9: NULL | I9: NULL | J9: NULL | K9: NULL | L9: NULL
A10: Tab2_Goalkeeper | B10: BRAGK09 | C10: M | D10: Moraes | E10: EDERSON | F10: Goalkeeper | G10: BRAZIL | H10: NULL | I10: NULL | J10: NULL | K10: NULL | L10: NULL
A11: Tab2_Goalkeeper | B11: CAMGK10 | C11: M | D11: André | E11: ONANA | F11: Goalkeeper | G11: CAMEROON | H11: NULL | I11: NULL | J11: NULL | K11: NULL | L11: NULL
A12: Tab2_Goalkeeper | B12: COSGK11 | C12: M | D12: Keylor | E12: NAVAS | F12: Goalkeeper | G12: COSTA RICA | H12: NULL | I12: NULL | J12: NULL | K12: NULL | L12: NULL
... A21: Tab2_Goalkeeper | B21: UKRGK20 | C21: M | D21: Anatoliy | E21: TRUBIN | F21: Goalkeeper | G21: UKRAINE | H21: NULL | I21: NULL | J21: NULL | K21: NULL | L21: NULL
A22: Tab3_TOP10_JoueursFoot | B22: 1 | C22: M | D22: Alfredo | E22: DI STÉFANO | F22: Attaquant | G22: ARGENTINA | H22: 1926 | I22: NULL | J22: NULL | K22: NULL | L22: NULL
A23: Tab3_TOP10_JoueursFoot | B23: 2 | C23: M | D23: Lev | E23: YASHIN | F23: Gardien | G23: RUSSIA | H23: 1929 | I23: NULL | J23: NULL | K23: NULL | L23: NULL
A24: Tab3_TOP10_JoueursFoot | B24: 3 | C24: M | D24: Gordon | E24: BANKS | F24: Gardien | G24: ENGLAND | H24: 1937 | I24: NULL | J24: NULL | K24: NULL | L24: NULL
A25: Tab3_TOP10_JoueursFoot | B25: 4 | C25: M | D25: Edson | E25: PELÉ | F25: Attaquant | G25: BRAZIL | H25: 1940 | I25: NULL | J25: NULL | K25: NULL | L25: NULL
A26: Tab3_TOP10_JoueursFoot | B26: 5 | C26: M | D26: Dino | E26: ZOFF | F26: Gardien | G26: ITALY | H26: 1942 | I26: NULL | J26: NULL | K26: NULL | L26: NULL
A27: Tab3_TOP10_JoueursFoot | B27: 6 | C27: M | D27: Franz | E27: BECKENBAUER | F27: Défenseur | G27: GERMANY | H27: 1945 | I27: NULL | J27: NULL | K27: NULL | L27: NULL
A28: Tab3_TOP10_JoueursFoot | B28: 7 | C28: M | D28: Johan | E28: CRUYFF | F28: Milieu | G28: NETHERLANDS | H28: 1947 | I28: NULL | J28: NULL | K28: NULL | L28: NULL
A29: Tab3_TOP10_JoueursFoot | B29: 8 | C29: M | D29: Luis | E29: ARCONADA | F29: Gardien | G29: SPAIN | H29: 1954 | I29: NULL | J29: NULL | K29: NULL | L29: NULL
A30: Tab3_TOP10_JoueursFoot | B30: 9 | C30: M | D30: Michel | E30: PLATINI | F30: Milieu | G30: FRANCE | H30: 1955 | I30: NULL | J30: NULL | K30: NULL | L30: NULL
A31: Tab3_TOP10_JoueursFoot | B31: 10 | C31: M | D31: Diego | E31: MARADONA | F31: Attaquant | G31: ARGENTINA | H31: 1960 | I31: NULL | J31: NULL | K31: NULL | L31: NULL
A32: Tab3_TOP10_JoueursFoot | B32: 11 | C32: M | D32: Peter | E32: SCHMEICHEL | F32: Gardien | G32: DENMARK | H32: 1963 | I32: NULL | J32: NULL | K32: NULL | L32: NULL
A33: Tab3_TOP10_JoueursFoot | B33: 12 | C33: M | D33: Cláudio | E33: TAFFAREL | F33: Gardien | G33: BRAZIL | H33: 1966 | I33: NULL | J33: NULL | K33: NULL | L33: NULL
... A41: Tab3_TOP10_JoueursFoot | B41: 20 | C41: M | D41: Lionel | E41: MESSI | F41: Attaquant | G41: ARGENTINA | H41: 1987 | I41: NULL | J41: NULL | K41: NULL | L41: NULL
A42: Tab4_BlessuresJoueurs | B42: NULL | C42: M | D42: =PROPER(Tab4_BlessuresJoueurs!A2) -> Rodri | E42: =UPPER(Tab4_BlessuresJoueurs!B2) -> HERNÁNDEZ | F42: NULL | G42: NULL | H42: NULL | I42: NULL | J42: NULL | K42: NULL | L42: Rupture du ligament croisé du genou
A43: Tab4_BlessuresJoueurs | B43: NULL | C43: M | D43: =PROPER(Tab4_BlessuresJoueurs!A3) -> Dani | E43: =UPPER(Tab4_BlessuresJoueurs!B3) -> CARVAJAL | F43: NULL | G43: NULL | H43: NULL | I43: NULL | J43: NULL | K43: NULL | L43: Rupture du ligament croisé du genou
A44: Tab4_BlessuresJoueurs | B44: NULL | C44: M | D44: =PROPER(Tab4_BlessuresJoueurs!A4) -> Eder | E44: =UPPER(Tab4_BlessuresJoueurs!B4) -> MILITÃO | F44: NULL | G44: NULL | H44: NULL | I44: NULL | J44: NULL | K44: NULL | L44: Rupture du ligament croisé du genou
A45: Tab4_BlessuresJoueurs | B45: NULL | C45: M | D45: =PROPER(Tab4_BlessuresJoueurs!A5) -> Mauro | E45: =UPPER(Tab4_BlessuresJoueurs!B5) -> ICARDI | F45: NULL | G45: NULL | H45: NULL | I45: NULL | J45: NULL | K45: NULL | L45: Rupture du ligament croisé du genou
A46: Tab4_BlessuresJoueurs | B46: NULL | C46: M | D46: =PROPER(Tab4_BlessuresJoueurs!A6) -> Gianluca | E46: =UPPER(Tab4_BlessuresJoueurs!B6) -> SCAMACCA | F46: NULL | G46: NULL | H46: NULL | I46: NULL | J46: NULL | K46: NULL | L46: Rupture du ligament croisé du genou
A47: Tab4_BlessuresJoueurs | B47: NULL | C47: M | D47: =PROPER(Tab4_BlessuresJoueurs!A7) -> Gleison | E47: =UPPER(Tab4_BlessuresJoueurs!B7) -> BREMER | F47: NULL | G47: NULL | H47: NULL | I47: NULL | J47: NULL | K47: NULL | L47: Rupture du ligament croisé du genou
A48: Tab4_BlessuresJoueurs | B48: NULL | C48: M | D48: =PROPER(Tab4_BlessuresJoueurs!A8) -> Alessandro | E48: =UPPER(Tab4_BlessuresJoueurs!B8) -> FLORENZI | F48: NULL | G48: NULL | H48: NULL | I48: NULL | J48: NULL | K48: NULL | L48: Rupture du ligament croisé du genou
A49: Tab4_BlessuresJoueurs | B49: NULL | C49: M | D49: =PROPER(Tab4_BlessuresJoueurs!A9) -> Sven | E49: =UPPER(Tab4_BlessuresJoueurs!B9) -> BOTMAN | F49: NULL | G49: NULL | H49: NULL | I49: NULL | J49: NULL | K49: NULL | L49: Rupture du ligament croisé du genou
A50: Tab4_BlessuresJoueurs | B50: NULL | C50: M | D50: =PROPER(Tab4_BlessuresJoueurs!A10) -> Duván | E50: =UPPER(Tab4_BlessuresJoueurs!B10) -> ZAPATA | F50: NULL | G50: NULL | H50: NULL | I50: NULL | J50: NULL | K50: NULL | L50: Rupture du ligament croisé du genou
A51: Tab4_BlessuresJoueurs | B51: NULL | C51: M | D51: =PROPER(Tab4_BlessuresJoueurs!A11) -> Terem | E51: =UPPER(Tab4_BlessuresJoueurs!B11) -> MOFFI | F51: NULL | G51: NULL | H51: NULL | I51: NULL | J51: NULL | K51: NULL | L51: Rupture du ligament croisé
A52: Tab4_BlessuresJoueurs | B52: NULL | C52: M | D52: =PROPER(Tab4_BlessuresJoueurs!A12) -> Tiago | E52: =UPPER(Tab4_BlessuresJoueurs!B12) -> SANTOS | F52: NULL | G52: NULL | H52: NULL | I52: NULL | J52: NULL | K52: NULL | L52: Rupture du ligament croisé
A53: Tab4_BlessuresJoueurs | B53: NULL | C53: M | D53: =PROPER(Tab4_BlessuresJoueurs!A13) -> Moïse | E53: =UPPER(Tab4_BlessuresJoueurs!B13) -> SAHI DION | F53: NULL | G53: NULL | H53: NULL | I53: NULL | J53: NULL | K53: NULL | L53: Rupture du tendon d'Achille
... A93: Tab4_BlessuresJoueurs | B93: NULL | C93: M | D93: =PROPER(Tab4_BlessuresJoueurs!A53) -> Tino | E93: =UPPER(Tab4_BlessuresJoueurs!B53) -> KADEWERE | F93: NULL | G93: NULL | H93: NULL | I93: NULL | J93: NULL | K93: NULL | L93: Blessure à la cuisse
A94: Tab5_JoueusesFoot | B94: NULL | C94: F | D94: Alex | E94: MORGAN | F94: Forward | G94: USA | H94: 1989 | I94: San Diego Wave | J94: 200 | K94: 120 | L94: NULL
A95: Tab5_JoueusesFoot | B95: NULL | C95: F | D95: Megan | E95: RAPINOE | F95: Winger | G95: USA | H95: 1985 | I95: OL Reign | J95: 185 | K95: 75 | L95: NULL
A96: Tab5_JoueusesFoot | B96: NULL | C96: F | D96: Sam | E96: KERR | F96: Forward | G96: AUSTRALIA | H96: 1993 | I96: Chelsea | J96: 150 | K96: 110 | L96: NULL
A97: Tab5_JoueusesFoot | B97: NULL | C97: F | D97: Lucy | E97: BRONZE | F97: Defender | G97: ENGLAND | H97: 1991 | I97: Barcelona | J97: 130 | K97: 12 | L97: NULL
A98: Tab5_JoueusesFoot | B98: NULL | C98: F | D98: Amandine | E98: HENRY | F98: Midfielder | G98: FRANCE | H98: 1989 | I98: Olympique Lyonnais | J98: 150 | K98: 25 | L98: NULL
A99: Tab5_JoueusesFoot | B99: NULL | C99: F | D99: Marta | E99: VIEIRA-DA-SILVA | F99: Forward | G99: BRAZIL | H99: 1986 | I99: Orlando Pride | J99: 180 | K99: 112 | L99: NULL
A100: Tab5_JoueusesFoot | B100: NULL | C100: F | D100: Christine | E100: SINCLAIR | F100: Forward | G100: CANADA | H100: 1983 | I100: Portland Thorns | J100: 300 | K100: 190 | L100: NULL
A101: Tab5_JoueusesFoot | B101: NULL | C101: F | D101: Vivianne | E101: MIEDEMA | F101: Forward | G101: NETHERLANDS | H101: 1996 | I101: Arsenal | J101: 110 | K101: 90 | L101: NULL
A102: Tab5_JoueusesFoot | B102: NULL | C102: F | D102: Fran | E102: KIRBY | F102: Midfielder | G102: ENGLAND | H102: 1993 | I102: Chelsea | J102: 80 | K102: 50 | L102: NULL
A103: Tab5_JoueusesFoot | B103: NULL | C103: F | D103: Ada | E103: HEGERBERG | F103: Forward | G103: NORWAY | H103: 1995 | I103: Olympique Lyonnais | J103: 85 | K103: 55 | L103: NULL
A104: Tab5_JoueusesFoot | B104: NULL | C104: F | D104: Dzsenifer | E104: MAROZSÁN | F104: Midfielder | G104: GERMANY | H104: 1992 | I104: OL Reign | J104: 115 | K104: 30 | L104: NULL
A105: Tab5_JoueusesFoot | B105: NULL | C105: F | D105: Wendie | E105: RENARD | F105: Defender | G105: FRANCE | H105: 1990 | I105: Olympique Lyonnais | J105: 140 | K105: 25 | L105: NULL
... A123: Tab5_JoueusesFoot | B123: NULL | C123: F | D123: Leah | E123: WILLIAMSON | F123: Defender | G123: ENGLAND | H123: 1997 | I123: Arsenal | J123: 75 | K123: 5 | L123: NULL
A124: Tab1_Joueurs | B124: 1991AlgMah | C124: M | D124: Riyad | E124: MAHREZ | F124: Midfielder | G124: ALGERIA | H124: 1991 | I124: NULL | J124: NULL | K124: NULL | L124: NULL
A125: Tab1_Joueurs | B125: 1986AllNeu | C125: M | D125: Manuel | E125: NEUER | F125: Goalkeeper | G125: GERMANY | H125: 1986 | I125: NULL | J125: NULL | K125: NULL | L125: NULL
A126: Tab1_Joueurs | B126: 1989AllMül | C126: M | D126: Thomas | E126: MÜLLER | F126: Midfielder | G126: GERMANY | H126: 1989 | I126: NULL | J126: NULL | K126: NULL | L126: NULL
A127: Tab1_Joueurs | B127: 1989AllÖzi | C127: M | D127: Mesut | E127: ÖZIL | F127: Midfielder | G127: GERMANY | H127: 1989 | I127: NULL | J127: NULL | K127: NULL | L127: NULL
A128: Tab1_Joueurs | B128: 1989AllReu | C128: M | D128: Marco | E128: REUS | F128: Forward | G128: GERMANY | H128: 1989 | I128: NULL | J128: NULL | K128: NULL | L128: NULL
A129: Tab1_Joueurs | B129: 1990AllKro | C129: M | D129: Toni | E129: KROOS | F129: Midfielder | G129: GERMANY | H129: 1990 | I129: NULL | J129: NULL | K129: NULL | L129: NULL
A130: Tab1_Joueurs | B130: 1991AllGün | C130: M | D130: Ilkay | E130: GÜNDOĞAN | F130: Midfielder | G130: GERMANY | H130: 1991 | I130: NULL | J130: NULL | K130: NULL | L130: NULL
A131: Tab1_Joueurs | B131: 1993AllTer | C131: M | D131: Marc-André | E131: TER STEGEN | F131: Goalkeeper | G131: GERMANY | H131: 1993 | I131: NULL | J131: NULL | K131: NULL | L131: NULL
A132: Tab1_Joueurs | B132: 1995AllKim | C132: M | D132: Joshua | E132: KIMMICH | F132: Midfielder | G132: GERMANY | H132: 1995 | I132: NULL | J132: NULL | K132: NULL | L132: NULL
A133: Tab1_Joueurs | B133: 1996AllSan | C133: M | D133: Leroy | E133: SANÉ | F133: Forward | G133: GERMANY | H133: 1996 | I133: NULL | J133: NULL | K133: NULL | L133: NULL
A134: Tab1_Joueurs | B134: 1997AllGna | C134: M | D134: Serge | E134: GNABRY | F134: Forward | G134: GERMANY | H134: 1997 | I134: NULL | J134: NULL | K134: NULL | L134: NULL
A135: Tab1_Joueurs | B135: 2003AllWir | C135: M | D135: Florian | E135: WIRTZ | F135: Midfielder | G135: GERMANY | H135: 2003 | I135: NULL | J135: NULL | K135: NULL | L135: NULL
... A279: Tab1_Joueurs | B279: 2002UruUga | C279: M | D279: Manuel | E279: UGARTE | F279: Midfielder | G279: URUGUAY | H279: 2002 | I279: NULL | J279: NULL | K279: NULL | L279: NULL

Sheet BD-DWH (2)
A1: DataSource | B1: ID_footballer | C1: Gender | D1: FirstName | E1: LastName | F1: Position | G1: CountryOfOrigin | H1: YearOfBirth | I1: Club | J1: Caps | K1: Goals | L1: Serious_injury
A2: Tab1_Joueurs | B2: 1993AutAla | C2: M | D2: David | E2: ALABA | F2: Defender | G2: AUSTRIA | H2: 1993 | I2: NULL | J2: NULL | K2: NULL | L2: NULL
A3: Tab1_Joueurs | B3: 1989EspAlb | C3: M | D3: Jordi | E3: ALBA | F3: Defender | G3: SPAIN | H3: 1989 | I3: NULL | J3: NULL | K3: NULL | L3: NULL
A4: Tab1_Joueurs | B4: 1999AngAle | C4: M | D4: Trent | E4: ALEXANDER-ARNOLD | F4: Defender | G4: ENGLAND | H4: 1999 | I4: NULL | J4: NULL | K4: NULL | L4: NULL
A5: Tab2_Goalkeeper | B5: BRAGK08 | C5: M | D5: Becker | E5: ALISSON | F5: Goalkeeper | G5: BRAZIL | H5: NULL | I5: NULL | J5: NULL | K5: NULL | L5: NULL
A6: Tab1_Joueurs | B6: 1992BréAli | C6: M | D6: Becker | E6: ALISSON | F6: Goalkeeper | G6: BRAZIL | H6: 1992 | I6: NULL | J6: NULL | K6: NULL | L6: NULL
A7: Tab1_Joueurs | B7: 2002ArgAlm | C7: M | D7: Thiago | E7: ALMADA | F7: Midfielder | G7: ARGENTINA | H7: 2002 | I7: NULL | J7: NULL | K7: NULL | L7: NULL
A8: Tab1_Joueurs | B8: 2003ItaAnt | C8: M | D8: Antonio | E8: ANTONIO | F8: Defender | G8: ITALY | H8: 2003 | I8: NULL | J8: NULL | K8: NULL | L8: NULL
A9: Tab3_TOP10_JoueursFoot | B9: 8 | C9: M | D9: Luis | E9: ARCONADA | F9: Gardien | G9: SPAIN | H9: 1954 | I9: NULL | J9: NULL | K9: NULL | L9: NULL
A10: Tab1_Joueurs | B10: 2004EspBal | C10: M | D10: Alejandro | E10: BALDE | F10: Defender | G10: SPAIN | H10: 2004 | I10: NULL | J10: NULL | K10: NULL | L10: NULL
A11: Tab1_Joueurs | B11: 1990PayBal | C11: M | D11: Gareth | E11: BALE | F11: Forward | G11: WALES | H11: 1990 | I11: NULL | J11: NULL | K11: NULL | L11: NULL
A12: Tab4_BlessuresJoueurs | B12: NULL | C12: M | D12: =PROPER(Tab4_BlessuresJoueurs!A26) -> Folarin | E12: =UPPER(Tab4_BlessuresJoueurs!B26) -> BALOGUN | F12: NULL | G12: NULL | H12: NULL | I12: NULL | J12: NULL | K12: NULL | L12: Blessure de l'épaule
A13: Tab1_Joueurs | B13: 2002ÉtaBal | C13: M | D13: Folarin | E13: BALOGUN | F13: Forward | G13: UNITED-STATES | H13: 2002 | I13: NULL | J13: NULL | K13: NULL | L13: NULL
A14: Tab3_TOP10_JoueursFoot | B14: 3 | C14: M | D14: Gordon | E14: BANKS | F14: Gardien | G14: ENGLAND | H14: 1937 | I14: NULL | J14: NULL | K14: NULL | L14: NULL
A15: Tab1_Joueurs | B15: 1997ItaBar | C15: M | D15: Nicolò | E15: BARELLA | F15: Midfielder | G15: ITALY | H15: 1997 | I15: NULL | J15: NULL | K15: NULL | L15: NULL
A16: Tab3_TOP10_JoueursFoot | B16: 6 | C16: M | D16: Franz | E16: BECKENBAUER | F16: Défenseur | G16: GERMANY | H16: 1945 | I16: NULL | J16: NULL | K16: NULL | L16: NULL
A17: Tab1_Joueurs | B17: 2003AngBel | C17: M | D17: Jude | E17: BELLINGHAM | F17: Midfielder | G17: ENGLAND | H17: 2003 | I17: NULL | J17: NULL | K17: NULL | L17: NULL
A18: Tab4_BlessuresJoueurs | B18: NULL | C18: M | D18: =PROPER(Tab4_BlessuresJoueurs!A20) -> Nabil | E18: =UPPER(Tab4_BlessuresJoueurs!B20) -> BENTALEB | F18: NULL | G18: NULL | H18: NULL | I18: NULL | J18: NULL | K18: NULL | L18: Problème de cœur
A19: Tab1_Joueurs | B19: 1988FraBen | C19: M | D19: Karim | E19: BENZEMA | F19: Forward | G19: FRANCE | H19: 1988 | I19: NULL | J19: NULL | K19: NULL | L19: NULL
A20: Tab1_Joueurs | B20: 1994PorBer | C20: M | D20: Silva | E20: BERNARDO | F20: Midfielder | G20: PORTUGAL | H20: 1994 | I20: NULL | J20: NULL | K20: NULL | L20: NULL
A21: Tab1_Joueurs | B21: 1987ItaBon | C21: M | D21: Leonardo | E21: BONUCCI | F21: Defender | G21: ITALY | H21: 1987 | I21: NULL | J21: NULL | K21: NULL | L21: NULL
A22: Tab4_BlessuresJoueurs | B22: NULL | C22: M | D22: =PROPER(Tab4_BlessuresJoueurs!A9) -> Sven | E22: =UPPER(Tab4_BlessuresJoueurs!B9) -> BOTMAN | F22: NULL | G22: NULL | H22: NULL | I22: NULL | J22: NULL | K22: NULL | L22: Rupture du ligament croisé du genou
A23: Tab4_BlessuresJoueurs | B23: NULL | C23: M | D23: =PROPER(Tab4_BlessuresJoueurs!A44) -> Sven | E23: =UPPER(Tab4_BlessuresJoueurs!B44) -> BOTMAN | F23: NULL | G23: NULL | H23: NULL | I23: NULL | J23: NULL | K23: NULL | L23: Rupture des ligaments croisés du genou
A24: Tab4_BlessuresJoueurs | B24: NULL | C24: M | D24: =PROPER(Tab4_BlessuresJoueurs!A7) -> Gleison | E24: =UPPER(Tab4_BlessuresJoueurs!B7) -> BREMER | F24: NULL | G24: NULL | H24: NULL | I24: NULL | J24: NULL | K24: NULL | L24: Rupture du ligament croisé du genou
A25: Tab4_BlessuresJoueurs | B25: NULL | C25: M | D25: =PROPER(Tab4_BlessuresJoueurs!A42) -> Gleison | E25: =UPPER(Tab4_BlessuresJoueurs!B42) -> BREMER | F25: NULL | G25: NULL | H25: NULL | I25: NULL | J25: NULL | K25: NULL | L25: Rupture des ligaments croisés du genou
A26: Tab5_JoueusesFoot | B26: NULL | C26: F | D26: Lucy | E26: BRONZE | F26: Defender | G26: ENGLAND | H26: 1991 | I26: Barcelona | J26: 130 | K26: 12 | L26: NULL
A27: Tab4_BlessuresJoueurs | B27: NULL | C27: M | D27: =PROPER(Tab4_BlessuresJoueurs!A31) -> Nathan | E27: =UPPER(Tab4_BlessuresJoueurs!B31) -> BUAYI-KIALA | F27: NULL | G27: NULL | H27: NULL | I27: NULL | J27: NULL | K27: NULL | L27: Blessure au ligament croisé
A28: Tab5_JoueusesFoot | B28: NULL | C28: F | D28: Kadeisha | E28: BUCHANAN | F28: Defender | G28: CANADA | H28: 1995 | I28: Chelsea | J28: 135 | K28: 10 | L28: NULL
A29: Tab3_TOP10_JoueursFoot | B29: 16 | C29: M | D29: Gianluigi | E29: BUFFON | F29: Gardien | G29: ITALY | H29: 1978 | I29: NULL | J29: NULL | K29: NULL | L29: NULL
A30: Tab1_Joueurs | B30: 1988EspBus | C30: M | D30: Sergio | E30: BUSQUETS | F30: Midfielder | G30: SPAIN | H30: 1988 | I30: NULL | J30: NULL | K30: NULL | L30: NULL
A31: Tab1_Joueurs | B31: 2002CôtCai | C31: M | D31: Moisés | E31: CAICEDO | F31: Midfielder | G31: IVORY-COAST | H31: 2002 | I31: NULL | J31: NULL | K31: NULL | L31: NULL
A32: Tab1_Joueurs | B32: 2003FraCam | C32: M | D32: Eduardo | E32: CAMAVINGA | F32: Midfielder | G32: FRANCE | H32: 2003 | I32: NULL | J32: NULL | K32: NULL | L32: NULL
A33: Tab4_BlessuresJoueurs | B33: NULL | C33: M | D33: =PROPER(Tab4_BlessuresJoueurs!A30) -> Valentín | E33: =UPPER(Tab4_BlessuresJoueurs!B30) -> CARBONI | F33: NULL | G33: NULL | H33: NULL | I33: NULL | J33: NULL | K33: NULL | L33: Rupture du ligament croisé
A34: Tab4_BlessuresJoueurs | B34: NULL | C34: M | D34: =PROPER(Tab4_BlessuresJoueurs!A3) -> Dani | E34: =UPPER(Tab4_BlessuresJoueurs!B3) -> CARVAJAL | F34: NULL | G34: NULL | H34: NULL | I34: NULL | J34: NULL | K34: NULL | L34: Rupture du ligament croisé du genou
A35: Tab4_BlessuresJoueurs | B35: NULL | C35: M | D35: =PROPER(Tab4_BlessuresJoueurs!A38) -> Dani | E35: =UPPER(Tab4_BlessuresJoueurs!B38) -> CARVAJAL | F35: NULL | G35: NULL | H35: NULL | I35: NULL | J35: NULL | K35: NULL | L35: Rupture des ligaments croisés du genou
A36: Tab5_JoueusesFoot | B36: NULL | C36: F | D36: Delphine | E36: CASCARINO | F36: Winger | G36: FRANCE | H36: 1997 | I36: Olympique Lyonnais | J36: 95 | K36: 25 | L36: NULL
A37: Tab1_Joueurs | B37: 1992BréCas | C37: M | D37: Carlos | E37: CASEMIRO | F37: Midfielder | G37: BRAZIL | H37: 1992 | I37: NULL | J37: NULL | K37: NULL | L37: NULL
A38: Tab3_TOP10_JoueursFoot | B38: 17 | C38: M | D38: Iker | E38: CASILLAS | F38: Gardien | G38: SPAIN | H38: 1981 | I38: NULL | J38: NULL | K38: NULL | L38: NULL
A39: Tab4_BlessuresJoueurs | B39: NULL | C39: M | D39: =PROPER(Tab4_BlessuresJoueurs!A35) -> José Luis | E39: =UPPER(Tab4_BlessuresJoueurs!B35) -> CATALÁ | F39: NULL | G39: NULL | H39: NULL | I39: NULL | J39: NULL | K39: NULL | L39: Rupture du ligament croisé antérieur et lésion du ménisque externe de la rodilla droite
A40: Tab1_Joueurs | B40: 1988UruCav | C40: M | D40: Edinson | E40: CAVANI | F40: Forward | G40: URUGUAY | H40: 1988 | I40: NULL | J40: NULL | K40: NULL | L40: NULL
A41: Tab4_BlessuresJoueurs | B41: NULL | C41: M | D41: =PROPER(Tab4_BlessuresJoueurs!A23) -> Sidiki | E41: =UPPER(Tab4_BlessuresJoueurs!B23) -> CHÉRIF | F41: NULL | G41: NULL | H41: NULL | I41: NULL | J41: NULL | K41: NULL | L41: Blessure musculaire
A42: Tab1_Joueurs | B42: 2004FraChe | C42: M | D42: Rayan | E42: CHERKI | F42: Forward | G42: FRANCE | H42: 2004 | I42: NULL | J42: NULL | K42: NULL | L42: NULL
A43: Tab1_Joueurs | B43: 1985ItaChi | C43: M | D43: Giorgio | E43: CHIELLINI | F43: Defender | G43: ITALY | H43: 1985 | I43: NULL | J43: NULL | K43: NULL | L43: NULL
A44: Tab1_Joueurs | B44: 1998ItaChi | C44: M | D44: Federico | E44: CHIESA | F44: Forward | G44: ITALY | H44: 1998 | I44: NULL | J44: NULL | K44: NULL | L44: NULL
A45: Tab1_Joueurs | B45: 2004AngChu | C45: M | D45: Carney | E45: CHUKWUEMEKA | F45: Midfielder | G45: ENGLAND | H45: 2004 | I45: NULL | J45: NULL | K45: NULL | L45: NULL
A46: Tab1_Joueurs | B46: 1997FraCom | C46: M | D46: Kingsley | E46: COMAN | F46: Forward | G46: FRANCE | H46: 1997 | I46: NULL | J46: NULL | K46: NULL | L46: NULL
A47: Tab4_BlessuresJoueurs | B47: NULL | C47: M | D47: =PROPER(Tab4_BlessuresJoueurs!A27) -> Lasso | E47: =UPPER(Tab4_BlessuresJoueurs!B27) -> COULIBALY | F47: NULL | G47: NULL | H47: NULL | I47: NULL | J47: NULL | K47: NULL | L47: Blessure au ligament croisé
A48: Tab2_Goalkeeper | B48: BELGK07 | C48: M | D48: Thibaut | E48: COURTOIS | F48: Goalkeeper | G48: BELGIUM | H48: NULL | I48: NULL | J48: NULL | K48: NULL | L48: NULL
A49: Tab1_Joueurs | B49: 1992BelCou | C49: M | D49: Thibaut | E49: COURTOIS | F49: Goalkeeper | G49: BELGIUM | H49: 1992 | I49: NULL | J49: NULL | K49: NULL | L49: NULL
A50: Tab3_TOP10_JoueursFoot | B50: 7 | C50: M | D50: Johan | E50: CRUYFF | F50: Milieu | G50: NETHERLANDS | H50: 1947 | I50: NULL | J50: NULL | K50: NULL | L50: NULL
A51: Tab1_Joueurs | B51: 2001CanDav | C51: M | D51: Alphonso | E51: DAVIES | F51: Defender | G51: CANADA | H51: 2001 | I51: NULL | J51: NULL | K51: NULL | L51: NULL
A52: Tab1_Joueurs | B52: 1991BelDe | C52: M | D52: Kevin | E52: DE BRUYNE | F52: Midfielder | G52: BELGIUM | H52: 1991 | I52: NULL | J52: NULL | K52: NULL | L52: NULL
A53: Tab1_Joueurs | B53: 2000FraDem | C53: M | D53: Ousmane | E53: DEMBÉLÉ | F53: Midfielder | G53: FRANCE | H53: 2000 | I53: NULL | J53: NULL | K53: NULL | L53: NULL
A54: Tab1_Joueurs | B54: 1994PayDep | C54: M | D54: Memphis | E54: DEPAY | F54: Forward | G54: NETHERLANDS | H54: 1994 | I54: NULL | J54: NULL | K54: NULL | L54: NULL
A55: Tab1_Joueurs | B55: 1988ArgDi | C55: M | D55: Ãngel | E55: DI MARIA | F55: Midfielder | G55: ARGENTINA | H55: 1988 | I55: NULL | J55: NULL | K55: NULL | L55: NULL
A56: Tab3_TOP10_JoueursFoot | B56: 1 | C56: M | D56: Alfredo | E56: DI STÉFANO | F56: Attaquant | G56: ARGENTINA | H56: 1926 | I56: NULL | J56: NULL | K56: NULL | L56: NULL
A57: Tab1_Joueurs | B57: 1997PorDia | C57: M | D57: Rúben | E57: DIAS | F57: Defender | G57: PORTUGAL | H57: 1997 | I57: NULL | J57: NULL | K57: NULL | L57: NULL
A58: Tab1_Joueurs | B58: 2002CôtDio | C58: M | D58: Odilon | E58: DIOMANDÉ | F58: Defender | G58: IVORY-COAST | H58: 2002 | I58: NULL | J58: NULL | K58: NULL | L58: NULL
A59: Tab2_Goalkeeper | B59: ITAGK15 | C59: M | D59: Gianluigi | E59: DONNARUMMA | F59: Goalkeeper | G59: ITALY | H59: NULL | I59: NULL | J59: NULL | K59: NULL | L59: NULL
A60: Tab1_Joueurs | B60: 1999ItaDon | C60: M | D60: Gianluigi | E60: DONNARUMMA | F60: Goalkeeper | G60: ITALY | H60: 1999 | I60: NULL | J60: NULL | K60: NULL | L60: NULL
A61: Tab1_Joueurs | B61: 1994ArgDyb | C61: M | D61: Paulo | E61: DYBALA | F61: Forward | G61: ARGENTINA | H61: 1994 | I61: NULL | J61: NULL | K61: NULL | L61: NULL
A62: Tab2_Goalkeeper | B62: BRAGK09 | C62: M | D62: Moraes | E62: EDERSON | F62: Goalkeeper | G62: BRAZIL | H62: NULL | I62: NULL | J62: NULL | K62: NULL | L62: NULL
A63: Tab1_Joueurs | B63: 1994BréEde | C63: M | D63: Moraes | E63: EDERSON | F63: Goalkeeper | G63: BRAZIL | H63: 1994 | I63: NULL | J63: NULL | K63: NULL | L63: NULL
A64: Tab1_Joueurs | B64: 2007BréEnd | C64: M | D64: Endrick | E64: ENDRICK | F64: Forward | G64: BRAZIL | H64: 2007 | I64: NULL | J64: NULL | K64: NULL | L64: NULL
A65: Tab5_JoueusesFoot | B65: NULL | C65: F | D65: Julie | E65: ERTZ | F65: Midfielder | G65: USA | H65: 1992 | I65: Chicago Red Stars | J65: 120 | K65: 20 | L65: NULL
A66: Tab1_Joueurs | B66: 1982CamEto | C66: M | D66: Samuel | E66: ETO'O | F66: Forward | G66: CAMEROON | H66: 1982 | I66: NULL | J66: NULL | K66: NULL | L66: NULL
A67: Tab1_Joueurs | B67: 1993BréFab | C67: M | D67: Fabio | E67: FABINHO | F67: Midfielder | G67: BRAZIL | H67: 1993 | I67: NULL | J67: NULL | K67: NULL | L67: NULL
A68: Tab1_Joueurs | B68: 1997PorFáb | C68: M | D68: Fábio | E68: FÁBIO VIEIRA | F68: Forward | G68: PORTUGAL | H68: 1997 | I68: NULL | J68: NULL | K68: NULL | L68: NULL
A69: Tab1_Joueurs | B69: 2003EspFat | C69: M | D69: Ansu | E69: FATI | F69: Forward | G69: SPAIN | H69: 2003 | I69: NULL | J69: NULL | K69: NULL | L69: NULL
A70: Tab1_Joueurs | B70: 2005IrlFer | C70: M | D70: Evan | E70: FERGUSON | F70: Forward | G70: IRELAND | H70: 2005 | I70: NULL | J70: NULL | K70: NULL | L70: NULL
A71: Tab1_Joueurs | B71: 1995PorFer | C71: M | D71: Bruno | E71: FERNANDES | F71: Midfielder | G71: PORTUGAL | H71: 1995 | I71: NULL | J71: NULL | K71: NULL | L71: NULL
A72: Tab4_BlessuresJoueurs | B72: NULL | C72: M | D72: =PROPER(Tab4_BlessuresJoueurs!A21) -> Matias | E72: =UPPER(Tab4_BlessuresJoueurs!B21) -> FERNANDEZ-PARDO | F72: NULL | G72: NULL | H72: NULL | I72: NULL | J72: NULL | K72: NULL | L72: Déchirure des ligaments de la cheville
A73: Tab4_BlessuresJoueurs | B73: NULL | C73: M | D73: =PROPER(Tab4_BlessuresJoueurs!A8) -> Alessandro | E73: =UPPER(Tab4_BlessuresJoueurs!B8) -> FLORENZI | F73: NULL | G73: NULL | H73: NULL | I73: NULL | J73: NULL | K73: NULL | L73: Rupture du ligament croisé du genou
A74: Tab4_BlessuresJoueurs | B74: NULL | C74: M | D74: =PROPER(Tab4_BlessuresJoueurs!A43) -> Alessandro | E74: =UPPER(Tab4_BlessuresJoueurs!B43) -> FLORENZI | F74: NULL | G74: NULL | H74: NULL | I74: NULL | J74: NULL | K74: NULL | L74: Rupture des ligaments croisés du genou
A75: Tab1_Joueurs | B75: 2000AngFod | C75: M | D75: Phil | E75: FODEN | F75: Midfielder | G75: ENGLAND | H75: 2000 | I75: NULL | J75: NULL | K75: NULL | L75: NULL
A76: Tab1_Joueurs | B76: 2005ArgGar | C76: M | D76: Alejandro | E76: GARNACHO | F76: Forward | G76: ARGENTINA | H76: 2005 | I76: NULL | J76: NULL | K76: NULL | L76: NULL
A77: Tab1_Joueurs | B77: 2005EspGav | C77: M | D77: Pablo | E77: GAVI | F77: Midfielder | G77: SPAIN | H77: 2005 | I77: NULL | J77: NULL | K77: NULL | L77: NULL
A78: Tab1_Joueurs | B78: 1980AngGer | C78: M | D78: Steven | E78: GERRARD | F78: Midfielder | G78: ENGLAND | H78: 1980 | I78: NULL | J78: NULL | K78: NULL | L78: NULL
A79: Tab1_Joueurs | B79: 2002EspGil | C79: M | D79: Bryan | E79: GIL | F79: Midfielder | G79: SPAIN | H79: 2002 | I79: NULL | J79: NULL | K79: NULL | L79: NULL
A80: Tab1_Joueurs | B80: 1997AllGna | C80: M | D80: Serge | E80: GNABRY | F80: Forward | G80: GERMANY | H80: 1997 | I80: NULL | J80: NULL | K80: NULL | L80: NULL
A81: Tab4_BlessuresJoueurs | B81: NULL | C81: M | D81: =PROPER(Tab4_BlessuresJoueurs!A34) -> José | E81: =UPPER(Tab4_BlessuresJoueurs!B34) -> GRAGERA | F81: NULL | G81: NULL | H81: NULL | I81: NULL | J81: NULL | K81: NULL | L81: Hallux rigidus nécessitant une intervention chirurgicale
A82: Tab1_Joueurs | B82: 2003PayGra | C82: M | D82: Ryan | E82: GRAVENBERCH | F82: Midfielder | G82: NETHERLANDS | H82: 2003 | I82: NULL | J82: NULL | K82: NULL | L82: NULL
A83: Tab1_Joueurs | B83: 1991FraGri | C83: M | D83: Antoine | E83: GRIEZMANN | F83: Forward | G83: FRANCE | H83: 1991 | I83: NULL | J83: NULL | K83: NULL | L83: NULL
A84: Tab5_JoueusesFoot | B84: NULL | C84: F | D84: Patri | E84: GUIJARRO | F84: Midfielder | G84: SPAIN | H84: 1998 | I84: Barcelona | J84: 90 | K84: 20 | L84: NULL
A85: Tab1_Joueurs | B85: 1991AllGün | C85: M | D85: Ilkay | E85: GÜNDOĞAN | F85: Midfielder | G85: GERMANY | H85: 1991 | I85: NULL | J85: NULL | K85: NULL | L85: NULL
A86: Tab1_Joueurs | B86: 2002CroGva | C86: M | D86: Joško | E86: GVARDIOL | F86: Defender | G86: CROATIA | H86: 2002 | I86: NULL | J86: NULL | K86: NULL | L86: NULL
A87: Tab1_Joueurs | B87: 2000NorHaa | C87: M | D87: Erling | E87: HAALAND | F87: Forward | G87: NORWAY | H87: 2000 | I87: NULL | J87: NULL | K87: NULL | L87: NULL
A88: Tab1_Joueurs | B88: 1999MarHak | C88: M | D88: Achraf | E88: HAKIMI | F88: Defender | G88: MOROCCO | H88: 1999 | I88: NULL | J88: NULL | K88: NULL | L88: NULL
A89: Tab5_JoueusesFoot | B89: NULL | C89: F | D89: Pernille | E89: HARDER | F89: Forward | G89: DENMARK | H89: 1992 | I89: Bayern Munich | J89: 150 | K89: 105 | L89: NULL
A90: Tab5_JoueusesFoot | B90: NULL | C90: F | D90: Tobin | E90: HEATH | F90: Winger | G90: USA | H90: 1988 | I90: Racing Louisville | J90: 190 | K90: 65 | L90: NULL
A91: Tab5_JoueusesFoot | B91: NULL | C91: F | D91: Ada | E91: HEGERBERG | F91: Forward | G91: NORWAY | H91: 1995 | I91: Olympique Lyonnais | J91: 85 | K91: 55 | L91: NULL
A92: Tab5_JoueusesFoot | B92: NULL | C92: F | D92: Amandine | E92: HENRY | F92: Midfielder | G92: FRANCE | H92: 1989 | I92: Olympique Lyonnais | J92: 150 | K92: 25 | L92: NULL
A93: Tab4_BlessuresJoueurs | B93: NULL | C93: M | D93: =PROPER(Tab4_BlessuresJoueurs!A2) -> Rodri | E93: =UPPER(Tab4_BlessuresJoueurs!B2) -> HERNÁNDEZ | F93: NULL | G93: NULL | H93: NULL | I93: NULL | J93: NULL | K93: NULL | L93: Rupture du ligament croisé du genou
A94: Tab4_BlessuresJoueurs | B94: NULL | C94: M | D94: =PROPER(Tab4_BlessuresJoueurs!A37) -> Rodri | E94: =UPPER(Tab4_BlessuresJoueurs!B37) -> HERNÁNDEZ | F94: NULL | G94: NULL | H94: NULL | I94: NULL | J94: NULL | K94: NULL | L94: Blessure grave non spécifiée
A95: Tab1_Joueurs | B95: 2003ÉquHin | C95: M | D95: Piero | E95: HINCAPIÉ | F95: Defender | G95: ECUADOR | H95: 2003 | I95: NULL | J95: NULL | K95: NULL | L95: NULL
A96: Tab1_Joueurs | B96: 2003DanHøj | C96: M | D96: Rasmus | E96: HØJLUND | F96: Forward | G96: DENMARK | H96: 2003 | I96: NULL | J96: NULL | K96: NULL | L96: NULL
A97: Tab1_Joueurs | B97: 1982SuèIbr | C97: M | D97: Zlatan | E97: IBRAHIMOVIĆ | F97: Forward | G97: SWEDEN | H97: 1982 | I97: NULL | J97: NULL | K97: NULL | L97: NULL
A98: Tab4_BlessuresJoueurs | B98: NULL | C98: M | D98: =PROPER(Tab4_BlessuresJoueurs!A5) -> Mauro | E98: =UPPER(Tab4_BlessuresJoueurs!B5) -> ICARDI | F98: NULL | G98: NULL | H98: NULL | I98: NULL | J98: NULL | K98: NULL | L98: Rupture du ligament croisé du genou
A99: Tab4_BlessuresJoueurs | B99: NULL | C99: M | D99: =PROPER(Tab4_BlessuresJoueurs!A40) -> Mauro | E99: =UPPER(Tab4_BlessuresJoueurs!B40) -> ICARDI | F99: NULL | G99: NULL | H99: NULL | I99: NULL | J99: NULL | K99: NULL | L99: Rupture des ligaments croisés du genou
A100: Tab1_Joueurs | B100: 1984EspIni | C100: M | D100: Andrés | E100: INIESTA | F100: Midfielder | G100: SPAIN | H100: 1984 | I100: NULL | J100: NULL | K100: NULL | L100: NULL
...

Sheet BD-DWH (3)
A1: ID_footballer | B1: Gender | C1: FirstName | D1: LastName | E1: Position | F1: CountryOfOrigin | G1: YearOfBirth | I1: ', '
A2: 1 | B2: F | C2: Carli | D2: LLOYD | E2: Midfielder | F2: UNITED-STATES-OF-AMERICA | G2: 1982 | I2: =CONCATENATE("INSERT INTO T_Dim_J VALUES ('",A2,$I$1,B2,$I$1,C2,$I$1,D2,$I$1,E2,$I$1,F2,$I$1,G2,"');") -> INSERT INTO T_Dim_J VALUES ('1', 'F', 'Carli', 'LLOYD', 'Midfielder', 'UNITED-STATES-OF-AMERICA', '1982');
A3: 2 | B3: F | C3: Christine | D3: SINCLAIR | E3: Forward | F3: CANADA | G3: 1983 | I3: =CONCATENATE("INSERT INTO T_Dim_J VALUES ('",A3,$I$1,B3,$I$1,C3,$I$1,D3,$I$1,E3,$I$1,F3,$I$1,G3,"');") -> INSERT INTO T_Dim_J VALUES ('2', 'F', 'Christine', 'SINCLAIR', 'Forward', 'CANADA', '1983');
A4: 3 | B4: F | C4: Megan | D4: RAPINOE | E4: Winger | F4: UNITED-STATES-OF-AMERICA | G4: 1985 | I4: =CONCATENATE("INSERT INTO T_Dim_J VALUES ('",A4,$I$1,B4,$I$1,C4,$I$1,D4,$I$1,E4,$I$1,F4,$I$1,G4,"');") -> INSERT INTO T_Dim_J VALUES ('3', 'F', 'Megan', 'RAPINOE', 'Winger', 'UNITED-STATES-OF-AMERICA', '1985');
A5: 4 | B5: F | C5: Marta | D5: VIEIRA-DA-SILVA | E5: Forward | F5: BRAZIL | G5: 1986 | I5: =CONCATENATE("INSERT INTO T_Dim_J VALUES ('",A5,$I$1,B5,$I$1,C5,$I$1,D5,$I$1,E5,$I$1,F5,$I$1,G5,"');") -> INSERT INTO T_Dim_J VALUES ('4', 'F', 'Marta', 'VIEIRA-DA-SILVA', 'Forward', 'BRAZIL', '1986');
A6: 5 | B6: F | C6: Tobin | D6: HEATH | E6: Winger | F6: UNITED-STATES-OF-AMERICA | G6: 1988 | I6: =CONCATENATE("INSERT INTO T_Dim_J VALUES ('",A6,$I$1,B6,$I$1,C6,$I$1,D6,$I$1,E6,$I$1,F6,$I$1,G6,"');") -> INSERT INTO T_Dim_J VALUES ('5', 'F', 'Tobin', 'HEATH', 'Winger', 'UNITED-STATES-OF-AMERICA', '1988');
A7: 6 | B7: F | C7: Amandine | D7: HENRY | E7: Midfielder | F7: FRANCE | G7: 1989 | I7: =CONCATENATE("INSERT INTO T_Dim_J VALUES ('",A7,$I$1,B7,$I$1,C7,$I$1,D7,$I$1,E7,$I$1,F7,$I$1,G7,"');") -> INSERT INTO T_Dim_J VALUES ('6', 'F', 'Amandine', 'HENRY', 'Midfielder', 'FRANCE', '1989');
A8: 7 | B8: F | C8: Alex | D8: MORGAN | E8: Forward | F8: UNITED-STATES-OF-AMERICA | G8: 1989 | I8: =CONCATENATE("INSERT INTO T_Dim_J VALUES ('",A8,$I$1,B8,$I$1,C8,$I$1,D8,$I$1,E8,$I$1,F8,$I$1,G8,"');") -> INSERT INTO T_Dim_J VALUES ('7', 'F', 'Alex', 'MORGAN', 'Forward', 'UNITED-STATES-OF-AMERICA', '1989');
A9: 8 | B9: F | C9: Saki | D9: KUMAGAI | E9: Defender | F9: JAPAN | G9: 1990 | I9: =CONCATENATE("INSERT INTO T_Dim_J VALUES ('",A9,$I$1,B9,$I$1,C9,$I$1,D9,$I$1,E9,$I$1,F9,$I$1,G9,"');") -> INSERT INTO T_Dim_J VALUES ('8', 'F', 'Saki', 'KUMAGAI', 'Defender', 'JAPAN', '1990');
A10: 9 | B10: F | C10: Wendie | D10: RENARD | E10: Defender | F10: FRANCE | G10: 1990 | I10: =CONCATENATE("INSERT INTO T_Dim_J VALUES ('",A10,$I$1,B10,$I$1,C10,$I$1,D10,$I$1,E10,$I$1,F10,$I$1,G10,"');") -> INSERT INTO T_Dim_J VALUES ('9', 'F', 'Wendie', 'RENARD', 'Defender', 'FRANCE', '1990');
A11: 10 | B11: F | C11: Lucy | D11: BRONZE | E11: Defender | F11: ENGLAND | G11: 1991 | I11: =CONCATENATE("INSERT INTO T_Dim_J VALUES ('",A11,$I$1,B11,$I$1,C11,$I$1,D11,$I$1,E11,$I$1,F11,$I$1,G11,"');") -> INSERT INTO T_Dim_J VALUES ('10', 'F', 'Lucy', 'BRONZE', 'Defender', 'ENGLAND', '1991');
A12: 11 | B12: F | C12: Irene | D12: PAREDES | E12: Defender | F12: SPAIN | G12: 1991 | I12: =CONCATENATE("INSERT INTO T_Dim_J VALUES ('",A12,$I$1,B12,$I$1,C12,$I$1,D12,$I$1,E12,$I$1,F12,$I$1,G12,"');") -> INSERT INTO T_Dim_J VALUES ('11', 'F', 'Irene', 'PAREDES', 'Defender', 'SPAIN', '1991');
A13: 12 | B13: F | C13: Ji | D13: SO-YUN | E13: Midfielder | F13: SOUTH-KOREA | G13: 1991 | I13: =CONCATENATE("INSERT INTO T_Dim_J VALUES ('",A13,$I$1,B13,$I$1,C13,$I$1,D13,$I$1,E13,$I$1,F13,$I$1,G13,"');") -> INSERT INTO T_Dim_J VALUES ('12', 'F', 'Ji', 'SO-YUN', 'Midfielder', 'SOUTH-KOREA', '1991');
... A203: 202 | B203: M | C203: Lamine | D203: YAMAL | E203: Forward | F203: SPAIN | G203: 2008 | I203: =CONCATENATE("INSERT INTO T_Dim_J VALUES ('",A203,$I$1,B203,$I$1,C203,$I$1,D203,$I$1,E203,$I$1,F203,$I$1,G203,"');") -> INSERT INTO T_Dim_J VALUES ('202', 'M', 'Lamine', 'YAMAL', 'Forward', 'SPAIN', '2008');
A204: 203 | B204: M | C204: Nabil | D204: BENTALEB | E204: NULL | F204: NULL | G204: NULL | I204: =CONCATENATE("INSERT INTO T_Dim_J VALUES ('",A204,$I$1,B204,$I$1,C204,$I$1,D204,$I$1,E204,$I$1,F204,$I$1,G204,"');") -> INSERT INTO T_Dim_J VALUES ('203', 'M', 'Nabil', 'BENTALEB', 'NULL', 'NULL', 'NULL');
A205: 204 | B205: M | C205: Sven | D205: BOTMAN | E205: NULL | F205: NULL | G205: NULL | I205: =CONCATENATE("INSERT INTO T_Dim_J VALUES ('",A205,$I$1,B205,$I$1,C205,$I$1,D205,$I$1,E205,$I$1,F205,$I$1,G205,"');") -> INSERT INTO T_Dim_J VALUES ('204', 'M', 'Sven', 'BOTMAN', 'NULL', 'NULL', 'NULL');
A206: 205 | B206: M | C206: Gleison | D206: BREMER | E206: NULL | F206: NULL | G206: NULL | I206: =CONCATENATE("INSERT INTO T_Dim_J VALUES ('",A206,$I$1,B206,$I$1,C206,$I$1,D206,$I$1,E206,$I$1,F206,$I$1,G206,"');") -> INSERT INTO T_Dim_J VALUES ('205', 'M', 'Gleison', 'BREMER', 'NULL', 'NULL', 'NULL');
A207: 206 | B207: M | C207: Nathan | D207: BUAYI-KIALA | E207: NULL | F207: NULL | G207: NULL | I207: =CONCATENATE("INSERT INTO T_Dim_J VALUES ('",A207,$I$1,B207,$I$1,C207,$I$1,D207,$I$1,E207,$I$1,F207,$I$1,G207,"');") -> INSERT INTO T_Dim_J VALUES ('206', 'M', 'Nathan', 'BUAYI-KIALA', 'NULL', 'NULL', 'NULL');
A208: 207 | B208: M | C208: Valentín | D208: CARBONI | E208: NULL | F208: NULL | G208: NULL | I208: =CONCATENATE("INSERT INTO T_Dim_J VALUES ('",A208,$I$1,B208,$I$1,C208,$I$1,D208,$I$1,E208,$I$1,F208,$I$1,G208,"');") -> INSERT INTO T_Dim_J VALUES ('207', 'M', 'Valentín', 'CARBONI', 'NULL', 'NULL', 'NULL');
A209: 208 | B209: M | C209: Dani | D209: CARVAJAL | E209: NULL | F209: NULL | G209: NULL | I209: =CONCATENATE("INSERT INTO T_Dim_J VALUES ('",A209,$I$1,B209,$I$1,C209,$I$1,D209,$I$1,E209,$I$1,F209,$I$1,G209,"');") -> INSERT INTO T_Dim_J VALUES ('208', 'M', 'Dani', 'CARVAJAL', 'NULL', 'NULL', 'NULL');
A210: 209 | B210: M | C210: José Luis | D210: CATALÁ | E210: NULL | F210: NULL | G210: NULL | I210: =CONCATENATE("INSERT INTO T_Dim_J VALUES ('",A210,$I$1,B210,$I$1,C210,$I$1,D210,$I$1,E210,$I$1,F210,$I$1,G210,"');") -> INSERT INTO T_Dim_J VALUES ('209', 'M', 'José Luis', 'CATALÁ', 'NULL', 'NULL', 'NULL');
A211: 210 | B211: M | C211: Sidiki | D211: CHÉRIF | E211: NULL | F211: NULL | G211: NULL | I211: =CONCATENATE("INSERT INTO T_Dim_J VALUES ('",A211,$I$1,B211,$I$1,C211,$I$1,D211,$I$1,E211,$I$1,F211,$I$1,G211,"');") -> INSERT INTO T_Dim_J VALUES ('210', 'M', 'Sidiki', 'CHÉRIF', 'NULL', 'NULL', 'NULL');
A212: 211 | B212: M | C212: Lasso | D212: COULIBALY | E212: NULL | F212: NULL | G212: NULL | I212: =CONCATENATE("INSERT INTO T_Dim_J VALUES ('",A212,$I$1,B212,$I$1,C212,$I$1,D212,$I$1,E212,$I$1,F212,$I$1,G212,"');") -> INSERT INTO T_Dim_J VALUES ('211', 'M', 'Lasso', 'COULIBALY', 'NULL', 'NULL', 'NULL');
A213: 212 | B213: M | C213: Matias | D213: FERNANDEZ-PARDO | E213: NULL | F213: NULL | G213: NULL | I213: =CONCATENATE("INSERT INTO T_Dim_J VALUES ('",A213,$I$1,B213,$I$1,C213,$I$1,D213,$I$1,E213,$I$1,F213,$I$1,G213,"');") -> INSERT INTO T_Dim_J VALUES ('212', 'M', 'Matias', 'FERNANDEZ-PARDO', 'NULL', 'NULL', 'NULL');
A214: 213 | B214: M | C214: Alessandro | D214: FLORENZI | E214: NULL | F214: NULL | G214: NULL | I214: =CONCATENATE("INSERT INTO T_Dim_J VALUES ('",A214,$I$1,B214,$I$1,C214,$I$1,D214,$I$1,E214,$I$1,F214,$I$1,G214,"');") -> INSERT INTO T_Dim_J VALUES ('213', 'M', 'Alessandro', 'FLORENZI', 'NULL', 'NULL', 'NULL');
A215: 214 | B215: M | C215: José | D215: GRAGERA | E215: NULL | F215: NULL | G215: NULL | I215: =CONCATENATE("INSERT INTO T_Dim_J VALUES ('",A215,$I$1,B215,$I$1,C215,$I$1,D215,$I$1,E215,$I$1,F215,$I$1,G215,"');") -> INSERT INTO T_Dim_J VALUES ('214', 'M', 'José', 'GRAGERA', 'NULL', 'NULL', 'NULL');
... A234: 233 | B234: M | C234: Duván | D234: ZAPATA | E234: NULL | F234: NULL | G234: NULL | I234: =CONCATENATE("INSERT INTO T_Dim_J VALUES ('",A234,$I$1,B234,$I$1,C234,$I$1,D234,$I$1,E234,$I$1,F234,$I$1,G234,"');") -> INSERT INTO T_Dim_J VALUES ('233', 'M', 'Duván', 'ZAPATA', 'NULL', 'NULL', 'NULL');

Sheet Stats_J
A1: R1, R2, R3 : Nombre de joueuses/joueurs
A2: Gender | B2: Nombre
A3: F | B3: 30
A4: M | B4: 203
A5: Total général | B5: 233
A8: R4 : Nombre de joueuses/joueurs par pays
A9: Nombre | B9: Gender
A10: Country | B10: F | C10: M | D10: Total général
A11: ALGERIA | C11: 1 | D11: 1
A12: ARGENTINA | C12: 11 | D12: 11
A13: AUSTRALIA | B13: 1 | D13: 1
A14: AUSTRIA | C14: 1 | D14: 1
A15: BELGIUM | C15: 4 | D15: 4
A16: BRAZIL | B16: 1 | C16: 16 | D16: 17
A17: CAMEROON | C17: 2 | D17: 2
A18: CANADA | B18: 2 | C18: 1 | D18: 3
A19: COSTA-RICA | C19: 1 | D19: 1
A20: CROATIA | C20: 3 | D20: 3
A21: DENMARK | B21: 1 | C21: 2 | D21: 3
A22: ECUADOR | C22: 1 | D22: 1
A23: EGYPT | C23: 1 | D23: 1
A24: ENGLAND | B24: 4 | C24: 14 | D24: 18
A25: FRANCE | B25: 4 | C25: 18 | D25: 22
A26: GEORGIA | C26: 1 | D26: 1
A27: GERMANY | B27: 1 | C27: 15 | D27: 16
A28: HUNGARY | C28: 1 | D28: 1
A29: IRELAND | C29: 1 | D29: 1
A30: ITALY | C30: 15 | D30: 15
A31: IVORY-COAST | C31: 2 | D31: 2
A32: JAPAN | B32: 1 | D32: 1
A33: MEXICO | C33: 1 | D33: 1
A34: MOROCCO | C34: 2 | D34: 2
A35: NETHERLANDS | B35: 2 | C35: 8 | D35: 10
A36: NIGERIA | B36: 1 | C36: 1 | D36: 2
A37: NORWAY | B37: 1 | C37: 1 | D37: 2
A38: NULL | C38: 31 | D38: 31
A39: POLAND | C39: 2 | D39: 2
A40: PORTUGAL | C40: 9 | D40: 9
A41: RUSSIA | C41: 1 | D41: 1
A42: SCOTLAND | C42: 1 | D42: 1
A43: SERBIA | C43: 3 | D43: 3
A44: SLOVENIA | C44: 1 | D44: 1
A45: SOUTH-KOREA | B45: 1 | C45: 1 | D45: 2
A46: SPAIN | B46: 3 | C46: 19 | D46: 22
A47: SWEDEN | C47: 2 | D47: 2
A48: SWITZERLAND | C48: 1 | D48: 1
A49: UKRAINE | C49: 2 | D49: 2
A50: UNITED-STATES | C50: 1 | D50: 1
A51: UNITED-STATES-OF-AMERICA | B51: 7 | D51: 7
A52: URUGUAY | C52: 4 | D52: 4
A53: WALES | C53: 1 | D53: 1
A54: Total général | B54: 30 | C54: 203 | D54: 233

Sheet EclaterColonne
A1: Name | B1: Name1 | C1: Name2 | J1: Name
A2: Alex Morgan | B2: Alex | C2: Morgan | J2: Alex | K2: Morgan | L2: =PROPER(J2) -> Alex | M2: =UPPER(K2) -> MORGAN
A3: Megan Rapinoe | B3: Megan | C3: Rapinoe | J3: Megan | K3: Rapinoe | L3: =PROPER(J3) -> Megan | M3: =UPPER(K3) -> RAPINOE
A4: Sam Kerr | B4: Sam | C4: Kerr | J4: Sam | K4: Kerr | L4: =PROPER(J4) -> Sam | M4: =UPPER(K4) -> KERR
A5: Lucy Bronze | B5: Lucy | C5: Bronze | J5: Lucy | K5: Bronze | L5: =PROPER(J5) -> Lucy | M5: =UPPER(K5) -> BRONZE
A6: Amandine Henry | B6: Amandine | C6: Henry | J6: Amandine | K6: Henry | L6: =PROPER(J6) -> Amandine | M6: =UPPER(K6) -> HENRY
A7: Marta Vieira da Silva | B7: Marta | C7: Vieira | D7: da | E7: Silva | J7: Marta | K7: Vieira-da-Silva | L7: =PROPER(J7) -> Marta | M7: =UPPER(K7) -> VIEIRA-DA-SILVA
A8: Christine Sinclair | B8: Christine | C8: Sinclair | J8: Christine | K8: Sinclair | L8: =PROPER(J8) -> Christine | M8: =UPPER(K8) -> SINCLAIR
A9: Vivianne Miedema | B9: Vivianne | C9: Miedema | J9: Vivianne | K9: Miedema | L9: =PROPER(J9) -> Vivianne | M9: =UPPER(K9) -> MIEDEMA
A10: Fran Kirby | B10: Fran | C10: Kirby | J10: Fran | K10: Kirby | L10: =PROPER(J10) -> Fran | M10: =UPPER(K10) -> KIRBY
A11: Ada Hegerberg | B11: Ada | C11: Hegerberg | J11: Ada | K11: Hegerberg | L11: =PROPER(J11) -> Ada | M11: =UPPER(K11) -> HEGERBERG
A12: Dzsenifer Marozsán | B12: Dzsenifer | C12: Marozsán | J12: Dzsenifer | K12: Marozsán | L12: =PROPER(J12) -> Dzsenifer | M12: =UPPER(K12) -> MAROZSÁN
A13: Wendie Renard | B13: Wendie | C13: Renard | J13: Wendie | K13: Renard | L13: =PROPER(J13) -> Wendie | M13: =UPPER(K13) -> RENARD
A14: Julie Ertz | B14: Julie | C14: Ertz | J14: Julie | K14: Ertz | L14: =PROPER(J14) -> Julie | M14: =UPPER(K14) -> ERTZ
A15: Carli Lloyd | B15: Carli | C15: Lloyd | J15: Carli | K15: Lloyd | L15: =PROPER(J15) -> Carli | M15: =UPPER(K15) -> LLOYD
A16: Tobin Heath | B16: Tobin | C16: Heath | J16: Tobin | K16: Heath | L16: =PROPER(J16) -> Tobin | M16: =UPPER(K16) -> HEATH
A17: Rose Lavelle | B17: Rose | C17: Lavelle | J17: Rose | K17: Lavelle | L17: =PROPER(J17) -> Rose | M17: =UPPER(K17) -> LAVELLE
A18: Pernille Harder | B18: Pernille | C18: Harder | J18: Pernille | K18: Harder | L18: =PROPER(J18) -> Pernille | M18: =UPPER(K18) -> HARDER
A19: Lieke Martens | B19: Lieke | C19: Martens | J19: Lieke | K19: Martens | L19: =PROPER(J19) -> Lieke | M19: =UPPER(K19) -> MARTENS
... A31: Leah Williamson | B31: Leah | C31: Williamson | J31: Leah | K31: Williamson | L31: =PROPER(J31) -> Leah | M31: =UPPER(K31) -> WILLIAMSON

Sheet Tab1_Joueurs
A1: ID | B1: NOM | C1: Prénom | D1: Poste | E1: Pays d'origine | F1: Année2Naissance | J1: ID Colonne | K1: Col0 | L1: Col1 | M1: Col2 | N1: Col3 | O1: Col4 | P1: Col5 | Q1: Col6 | S1: ', ' | T1: =MAX(T2:T157) -> 10 | U1: =MAX(U2:U157) -> 16 | V1: =MAX(V2:V157) -> 11 | W1: =MAX(W2:W157) -> 9 | X1: =MAX(X2:X157) -> 14 | Y1: =MAX(Y2:Y157) -> 4 | Z1: Min
A2: 1991AlgMah | B2: Mahrez | C2: Riyad | D2: Milieu | E2: Algérie | F2: 1991 | J2: Nom Colonne | K2: Source | L2: ID | M2: NOM | N2: Prénom | O2: Poste | P2: Pays d'origine | Q2: Année2Naissance | T2: =LEN(A2) -> 10 | U2: =LEN(B2) -> 6 | V2: =LEN(C2) -> 5 | W2: =LEN(D2) -> 6 | X2: =LEN(E2) -> 7 | Y2: =LEN(F2) -> 4 | Z2: =MIN($F$2:$F$157) -> 1978
A3: 1986AllNeu | B3: Neuer | C3: Manuel | D3: Gardien | E3: Allemagne | F3: 1986 | J3: Type Colonne | K3: Tab1_Joueurs | L3: String | M3: String | N3: String | O3: String | P3: String | Q3: Number | S3: =CONCATENATE("INSERT INTO Tab1_Joueurs VALUES ('",A2,$S$1,B2,$S$1,C2,$S$1,D2,$S$1,E2,$S$1,F2,"');") -> INSERT INTO Tab1_Joueurs VALUES ('1991AlgMah', 'Mahrez', 'Riyad', 'Milieu', 'Algérie', '1991'); | T3: =LEN(A3) -> 10 | U3: =LEN(B3) -> 5 | V3: =LEN(C3) -> 6 | W3: =LEN(D3) -> 7 | X3: =LEN(E3) -> 9 | Y3: =LEN(F3) -> 4 | Z3: Max
A4: 1989AllMül | B4: Müller | C4: Thomas | D4: Milieu | E4: Allemagne | F4: 1989 | J4: Longueur Colonne | K4: Tab1_Joueurs | L4: 10 | M4: 16 | N4: 11 | O4: 9 | P4: 14 | Q4: 4 | S4: =CONCATENATE("INSERT INTO Tab1_Joueurs VALUES ('",A3,$S$1,B3,$S$1,C3,$S$1,D3,$S$1,E3,$S$1,F3,"');") -> INSERT INTO Tab1_Joueurs VALUES ('1986AllNeu', 'Neuer', 'Manuel', 'Gardien', 'Allemagne', '1986'); | T4: =LEN(A4) -> 10 | U4: =LEN(B4) -> 6 | V4: =LEN(C4) -> 6 | W4: =LEN(D4) -> 6 | X4: =LEN(E4) -> 9 | Y4: =LEN(F4) -> 4 | Z4: =MAX($F$2:$F$157) -> 2008
A5: 1989AllÖzi | B5: Özil | C5: Mesut | D5: Milieu | E5: Allemagne | F5: 1989 | J5: Format Colonne | K5: Tab1_Joueurs | L5: NNNNCCCC | M5: INITCAP | N5: INITCAP | O5: INITCAP | P5: INITCAP | Q5: YYYY | S5: =CONCATENATE("INSERT INTO Tab1_Joueurs VALUES ('",A4,$S$1,B4,$S$1,C4,$S$1,D4,$S$1,E4,$S$1,F4,"');") -> INSERT INTO Tab1_Joueurs VALUES ('1989AllMül', 'Müller', 'Thomas', 'Milieu', 'Allemagne', '1989'); | T5: =LEN(A5) -> 10 | U5: =LEN(B5) -> 4 | V5: =LEN(C5) -> 5 | W5: =LEN(D5) -> 6 | X5: =LEN(E5) -> 9 | Y5: =LEN(F5) -> 4 | Z5: Moy
A6: 1989AllReu | B6: Reus | C6: Marco | D6: Attaquant | E6: Allemagne | F6: 1989 | J6: Langue Colonne | K6: Tab1_Joueurs | M6: Français ?? | N6: Français ?? | O6: Français | P6: Français | S6: =CONCATENATE("INSERT INTO Tab1_Joueurs VALUES ('",A5,$S$1,B5,$S$1,C5,$S$1,D5,$S$1,E5,$S$1,F5,"');") -> INSERT INTO Tab1_Joueurs VALUES ('1989AllÖzi', 'Özil', 'Mesut', 'Milieu', 'Allemagne', '1989'); | T6: =LEN(A6) -> 10 | U6: =LEN(B6) -> 4 | V6: =LEN(C6) -> 5 | W6: =LEN(D6) -> 9 | X6: =LEN(E6) -> 9 | Y6: =LEN(F6) -> 4 | Z6: =AVERAGE($F$2:$F$157) -> 1995.4872
A7: 1990AllKro | B7: Kroos | C7: Toni | D7: Milieu | E7: Allemagne | F7: 1990 | J7: Valeurs Uniques | K7: Tab1_Joueurs | L7: Oui | M7: Non | N7: Non | O7: Non | P7: Non | Q7: Non | S7: =CONCATENATE("INSERT INTO Tab1_Joueurs VALUES ('",A6,$S$1,B6,$S$1,C6,$S$1,D6,$S$1,E6,$S$1,F6,"');") -> INSERT INTO Tab1_Joueurs VALUES ('1989AllReu', 'Reus', 'Marco', 'Attaquant', 'Allemagne', '1989'); | T7: =LEN(A7) -> 10 | U7: =LEN(B7) -> 5 | V7: =LEN(C7) -> 4 | W7: =LEN(D7) -> 6 | X7: =LEN(E7) -> 9 | Y7: =LEN(F7) -> 4
A8: 1991AllGün | B8: Gündoğan | C8: Ilkay | D8: Milieu | E8: Allemagne | F8: 1991 | J8: Nombre de Valeurs Présentes | K8: Tab1_Joueurs | L8: 156 | M8: 156 | N8: 156 | O8: 156 | P8: 156 | Q8: 156 | S8: =CONCATENATE("INSERT INTO Tab1_Joueurs VALUES ('",A7,$S$1,B7,$S$1,C7,$S$1,D7,$S$1,E7,$S$1,F7,"');") -> INSERT INTO Tab1_Joueurs VALUES ('1990AllKro', 'Kroos', 'Toni', 'Milieu', 'Allemagne', '1990'); | T8: =LEN(A8) -> 10 | U8: =LEN(B8) -> 8 | V8: =LEN(C8) -> 5 | W8: =LEN(D8) -> 6 | X8: =LEN(E8) -> 9 | Y8: =LEN(F8) -> 4 | Z8: Nbval | AA8: =COUNTA(A$2:A$157) -> 156 | AB8: =COUNTA(B$2:B$157) -> 156 | AC8: =COUNTA(C$2:C$157) -> 156 | AD8: =COUNTA(D$2:D$157) -> 156 | AE8: =COUNTA(E$2:E$157) -> 156 | AF8: =COUNTA(F$2:F$157) -> 156
A9: 1993AllTer | B9: Ter Stegen | C9: Marc-André | D9: Gardien | E9: Allemagne | F9: 1993 | J9: Nombre de Valeurs Manquantes | K9: Tab1_Joueurs | L9: 0 | M9: 0 | N9: 0 | O9: 0 | P9: 0 | Q9: 0 | S9: =CONCATENATE("INSERT INTO Tab1_Joueurs VALUES ('",A8,$S$1,B8,$S$1,C8,$S$1,D8,$S$1,E8,$S$1,F8,"');") -> INSERT INTO Tab1_Joueurs VALUES ('1991AllGün', 'Gündoğan', 'Ilkay', 'Milieu', 'Allemagne', '1991'); | T9: =LEN(A9) -> 10 | U9: =LEN(B9) -> 10 | V9: =LEN(C9) -> 10 | W9: =LEN(D9) -> 7 | X9: =LEN(E9) -> 9 | Y9: =LEN(F9) -> 4
A10: 1995AllKim | B10: Kimmich | C10: Joshua | D10: Milieu | E10: Allemagne | F10: 1995 | J10: Nombre de valeurs en UPPER uniquement | K10: Tab1_Joueurs | L10: 0 | M10: 0 | N10: 0 | O10: 0 | P10: 0 | Q10: 0 | S10: =CONCATENATE("INSERT INTO Tab1_Joueurs VALUES ('",A9,$S$1,B9,$S$1,C9,$S$1,D9,$S$1,E9,$S$1,F9,"');") -> INSERT INTO Tab1_Joueurs VALUES ('1993AllTer', 'Ter Stegen', 'Marc-André', 'Gardien', 'Allemagne', '1993'); | T10: =LEN(A10) -> 10 | U10: =LEN(B10) -> 7 | V10: =LEN(C10) -> 6 | W10: =LEN(D10) -> 6 | X10: =LEN(E10) -> 9 | Y10: =LEN(F10) -> 4
A11: 1996AllSan | B11: Sané | C11: Leroy | D11: Attaquant | E11: Allemagne | F11: 1996 | J11: Nombre de valeurs en LOWER uniquement | K11: Tab1_Joueurs | L11: 0 | M11: 0 | N11: 0 | O11: 0 | P11: 0 | Q11: 0 | S11: =CONCATENATE("INSERT INTO Tab1_Joueurs VALUES ('",A10,$S$1,B10,$S$1,C10,$S$1,D10,$S$1,E10,$S$1,F10,"');") -> INSERT INTO Tab1_Joueurs VALUES ('1995AllKim', 'Kimmich', 'Joshua', 'Milieu', 'Allemagne', '1995'); | T11: =LEN(A11) -> 10 | U11: =LEN(B11) -> 4 | V11: =LEN(C11) -> 5 | W11: =LEN(D11) -> 9 | X11: =LEN(E11) -> 9 | Y11: =LEN(F11) -> 4
A12: 1997AllGna | B12: Gnabry | C12: Serge | D12: Attaquant | E12: Allemagne | F12: 1997 | J12: Nombre de valeurs en INITCAP uniquement | K12: Tab1_Joueurs | L12: 156 | M12: 156 | N12: 156 | O12: 156 | P12: 156 | Q12: 0 | S12: =CONCATENATE("INSERT INTO Tab1_Joueurs VALUES ('",A11,$S$1,B11,$S$1,C11,$S$1,D11,$S$1,E11,$S$1,F11,"');") -> INSERT INTO Tab1_Joueurs VALUES ('1996AllSan', 'Sané', 'Leroy', 'Attaquant', 'Allemagne', '1996'); | T12: =LEN(A12) -> 10 | U12: =LEN(B12) -> 6 | V12: =LEN(C12) -> 5 | W12: =LEN(D12) -> 9 | X12: =LEN(E12) -> 9 | Y12: =LEN(F12) -> 4
A13: 2003AllWir | B13: Wirtz | C13: Florian | D13: Milieu | E13: Allemagne | F13: 2003 | J13: Nombre de valeurs en MIXTE | K13: Tab1_Joueurs | L13: 0 | M13: 0 | N13: 0 | O13: 0 | P13: 0 | Q13: 0 | S13: =CONCATENATE("INSERT INTO Tab1_Joueurs VALUES ('",A12,$S$1,B12,$S$1,C12,$S$1,D12,$S$1,E12,$S$1,F12,"');") -> INSERT INTO Tab1_Joueurs VALUES ('1997AllGna', 'Gnabry', 'Serge', 'Attaquant', 'Allemagne', '1997'); | T13: =LEN(A13) -> 10 | U13: =LEN(B13) -> 5 | V13: =LEN(C13) -> 7 | W13: =LEN(D13) -> 6 | X13: =LEN(E13) -> 9 | Y13: =LEN(F13) -> 4
A14: 2004AllMus | B14: Musiala | C14: Jamal | D14: Milieu | E14: Allemagne | F14: 2004 | J14: REGEX Colonne | K14: Tab1_Joueurs | L14: ^[A..Za..z] ?-.öè | M14: ^[A..Za..z] ?-.öè | N14: ^[A..Za..z] ?-.öè | O14: ^[A..Za..z] ?-.öè | P14: ^[A..Za..z] ?-.öè | Q14: 1920<Y<2050 | S14: =CONCATENATE("INSERT INTO Tab1_Joueurs VALUES ('",A13,$S$1,B13,$S$1,C13,$S$1,D13,$S$1,E13,$S$1,F13,"');") -> INSERT INTO Tab1_Joueurs VALUES ('2003AllWir', 'Wirtz', 'Florian', 'Milieu', 'Allemagne', '2003'); | T14: =LEN(A14) -> 10 | U14: =LEN(B14) -> 7 | V14: =LEN(C14) -> 5 | W14: =LEN(D14) -> 6 | X14: =LEN(E14) -> 9 | Y14: =LEN(F14) -> 4
A15: 2005AllMou | B15: Moukoko | C15: Youssoufa | D15: Attaquant | E15: Allemagne | F15: 2005 | J15: Nombre de valeurs avec ESPACE | K15: Tab1_Joueurs | Q15: 0 | S15: =CONCATENATE("INSERT INTO Tab1_Joueurs VALUES ('",A14,$S$1,B14,$S$1,C14,$S$1,D14,$S$1,E14,$S$1,F14,"');") -> INSERT INTO Tab1_Joueurs VALUES ('2004AllMus', 'Musiala', 'Jamal', 'Milieu', 'Allemagne', '2004'); | T15: =LEN(A15) -> 10 | U15: =LEN(B15) -> 7 | V15: =LEN(C15) -> 9 | W15: =LEN(D15) -> 9 | X15: =LEN(E15) -> 9 | Y15: =LEN(F15) -> 4
A16: 1978AngLam | B16: Lampard | C16: Frank | D16: Milieu | E16: Angleterre | F16: 1978 | J16: Nombre de valeurs avec TIRET | K16: Tab1_Joueurs | Q16: 0 | S16: =CONCATENATE("INSERT INTO Tab1_Joueurs VALUES ('",A15,$S$1,B15,$S$1,C15,$S$1,D15,$S$1,E15,$S$1,F15,"');") -> INSERT INTO Tab1_Joueurs VALUES ('2005AllMou', 'Moukoko', 'Youssoufa', 'Attaquant', 'Allemagne', '2005'); | T16: =LEN(A16) -> 10 | U16: =LEN(B16) -> 7 | V16: =LEN(C16) -> 5 | W16: =LEN(D16) -> 6 | X16: =LEN(E16) -> 10 | Y16: =LEN(F16) -> 4
A17: 1980AngGer | B17: Gerrard | C17: Steven | D17: Milieu | E17: Angleterre | F17: 1980 | J17: Nombre de valeurs avec APOSTROPHE | K17: Tab1_Joueurs | Q17: 0 | S17: =CONCATENATE("INSERT INTO Tab1_Joueurs VALUES ('",A16,$S$1,B16,$S$1,C16,$S$1,D16,$S$1,E16,$S$1,F16,"');") -> INSERT INTO Tab1_Joueurs VALUES ('1978AngLam', 'Lampard', 'Frank', 'Milieu', 'Angleterre', '1978'); | T17: =LEN(A17) -> 10 | U17: =LEN(B17) -> 7 | V17: =LEN(C17) -> 6 | W17: =LEN(D17) -> 6 | X17: =LEN(E17) -> 10 | Y17: =LEN(F17) -> 4
A18: 1992AngPop | B18: Pope | C18: Nick | D18: Gardien | E18: Angleterre | F18: 1992 | J18: Nombre de valeurs INCORRECTES | K18: Tab1_Joueurs | Q18: 0 | S18: =CONCATENATE("INSERT INTO Tab1_Joueurs VALUES ('",A17,$S$1,B17,$S$1,C17,$S$1,D17,$S$1,E17,$S$1,F17,"');") -> INSERT INTO Tab1_Joueurs VALUES ('1980AngGer', 'Gerrard', 'Steven', 'Milieu', 'Angleterre', '1980'); | T18: =LEN(A18) -> 10 | U18: =LEN(B18) -> 4 | V18: =LEN(C18) -> 4 | W18: =LEN(D18) -> 7 | X18: =LEN(E18) -> 10 | Y18: =LEN(F18) -> 4
A19: 1993AngKan | B19: Kane | C19: Harry | D19: Attaquant | E19: Angleterre | F19: 1993 | J19: Nombre de valeurs CORRECTES | K19: Tab1_Joueurs | Q19: 0 | S19: =CONCATENATE("INSERT INTO Tab1_Joueurs VALUES ('",A18,$S$1,B18,$S$1,C18,$S$1,D18,$S$1,E18,$S$1,F18,"');") -> INSERT INTO Tab1_Joueurs VALUES ('1992AngPop', 'Pope', 'Nick', 'Gardien', 'Angleterre', '1992'); | T19: =LEN(A19) -> 10 | U19: =LEN(B19) -> 4 | V19: =LEN(C19) -> 5 | W19: =LEN(D19) -> 9 | X19: =LEN(E19) -> 10 | Y19: =LEN(F19) -> 4
A20: 1994AngPic | B20: Pickford | C20: Jordan | D20: Gardien | E20: Angleterre | F20: 1994 | J20: Nombre de doublons exacts | K20: Tab1_Joueurs | S20: =CONCATENATE("INSERT INTO Tab1_Joueurs VALUES ('",A19,$S$1,B19,$S$1,C19,$S$1,D19,$S$1,E19,$S$1,F19,"');") -> INSERT INTO Tab1_Joueurs VALUES ('1993AngKan', 'Kane', 'Harry', 'Attaquant', 'Angleterre', '1993'); | T20: =LEN(A20) -> 10 | U20: =LEN(B20) -> 8 | V20: =LEN(C20) -> 6 | W20: =LEN(D20) -> 7 | X20: =LEN(E20) -> 10 | Y20: =LEN(F20) -> 4
A21: 1995AngSte | B21: Sterling | C21: Raheem | D21: Attaquant | E21: Angleterre | F21: 1995 | J21: Min Colonne | K21: Tab1_Joueurs | Q21: 1978 | S21: =CONCATENATE("INSERT INTO Tab1_Joueurs VALUES ('",A20,$S$1,B20,$S$1,C20,$S$1,D20,$S$1,E20,$S$1,F20,"');") -> INSERT INTO Tab1_Joueurs VALUES ('1994AngPic', 'Pickford', 'Jordan', 'Gardien', 'Angleterre', '1994'); | T21: =LEN(A21) -> 10 | U21: =LEN(B21) -> 8 | V21: =LEN(C21) -> 6 | W21: =LEN(D21) -> 9 | X21: =LEN(E21) -> 10 | Y21: =LEN(F21) -> 4
A22: 1997AngRas | B22: Rashford | C22: Marcus | D22: Attaquant | E22: Angleterre | F22: 1997 | J22: Max Colonne | K22: Tab1_Joueurs | Q22: 2008 | S22: =CONCATENATE("INSERT INTO Tab1_Joueurs VALUES ('",A21,$S$1,B21,$S$1,C21,$S$1,D21,$S$1,E21,$S$1,F21,"');") -> INSERT INTO Tab1_Joueurs VALUES ('1995AngSte', 'Sterling', 'Raheem', 'Attaquant', 'Angleterre', '1995'); | T22: =LEN(A22) -> 10 | U22: =LEN(B22) -> 8 | V22: =LEN(C22) -> 6 | W22: =LEN(D22) -> 9 | X22: =LEN(E22) -> 10 | Y22: =LEN(F22) -> 4
A23: 1999AngAle | B23: Alexander-Arnold | C23: Trent | D23: Défenseur | E23: Angleterre | F23: 1999 | J23: Moy Colonne | K23: Tab1_Joueurs | Q23: 1995.4872 | S23: =CONCATENATE("INSERT INTO Tab1_Joueurs VALUES ('",A22,$S$1,B22,$S$1,C22,$S$1,D22,$S$1,E22,$S$1,F22,"');") -> INSERT INTO Tab1_Joueurs VALUES ('1997AngRas', 'Rashford', 'Marcus', 'Attaquant', 'Angleterre', '1997'); | T23: =LEN(A23) -> 10 | U23: =LEN(B23) -> 16 | V23: =LEN(C23) -> 5 | W23: =LEN(D23) -> 9 | X23: =LEN(E23) -> 10 | Y23: =LEN(F23) -> 4
A24: 1999AngRam | B24: Ramsdale | C24: Aaron | D24: Gardien | E24: Angleterre | F24: 1999 | K24: Tab1_Joueurs_001 | L24: 1991AlgMah | M24: Mahrez | N24: Riyad | O24: Milieu | P24: Algérie | Q24: 1991 | S24: =CONCATENATE("INSERT INTO Tab1_Joueurs VALUES ('",A23,$S$1,B23,$S$1,C23,$S$1,D23,$S$1,E23,$S$1,F23,"');") -> INSERT INTO Tab1_Joueurs VALUES ('1999AngAle', 'Alexander-Arnold', 'Trent', 'Défenseur', 'Angleterre', '1999'); | T24: =LEN(A24) -> 10 | U24: =LEN(B24) -> 8 | V24: =LEN(C24) -> 5 | W24: =LEN(D24) -> 7 | X24: =LEN(E24) -> 10 | Y24: =LEN(F24) -> 4
A25: 2000AngFod | B25: Foden | C25: Phil | D25: Milieu | E25: Angleterre | F25: 2000 | K25: Tab1_Joueurs_002 | L25: 1986AllNeu | M25: Neuer | N25: Manuel | O25: Gardien | P25: Allemagne | Q25: 1986 | S25: =CONCATENATE("INSERT INTO Tab1_Joueurs VALUES ('",A24,$S$1,B24,$S$1,C24,$S$1,D24,$S$1,E24,$S$1,F24,"');") -> INSERT INTO Tab1_Joueurs VALUES ('1999AngRam', 'Ramsdale', 'Aaron', 'Gardien', 'Angleterre', '1999'); | T25: =LEN(A25) -> 10 | U25: =LEN(B25) -> 5 | V25: =LEN(C25) -> 4 | W25: =LEN(D25) -> 6 | X25: =LEN(E25) -> 10 | Y25: =LEN(F25) -> 4
A26: 2000AngMou | B26: Mount | C26: Mason | D26: Milieu | E26: Angleterre | F26: 2000 | K26: Tab1_Joueurs_003 | L26: 1989AllMül | M26: Müller | N26: Thomas | O26: Milieu | P26: Allemagne | Q26: 1989 | S26: =CONCATENATE("INSERT INTO Tab1_Joueurs VALUES ('",A25,$S$1,B25,$S$1,C25,$S$1,D25,$S$1,E25,$S$1,F25,"');") -> INSERT INTO Tab1_Joueurs VALUES ('2000AngFod', 'Foden', 'Phil', 'Milieu', 'Angleterre', '2000'); | T26: =LEN(A26) -> 10 | U26: =LEN(B26) -> 5 | V26: =LEN(C26) -> 5 | W26: =LEN(D26) -> 6 | X26: =LEN(E26) -> 10 | Y26: =LEN(F26) -> 4
A27: 2003AngBel | B27: Bellingham | C27: Jude | D27: Milieu | E27: Angleterre | F27: 2003 | K27: Tab1_Joueurs_004 | L27: 1989AllÖzi | M27: Özil | N27: Mesut | O27: Milieu | P27: Allemagne | Q27: 1989 | S27: =CONCATENATE("INSERT INTO Tab1_Joueurs VALUES ('",A26,$S$1,B26,$S$1,C26,$S$1,D26,$S$1,E26,$S$1,F26,"');") -> INSERT INTO Tab1_Joueurs VALUES ('2000AngMou', 'Mount', 'Mason', 'Milieu', 'Angleterre', '2000'); | T27: =LEN(A27) -> 10 | U27: =LEN(B27) -> 10 | V27: =LEN(C27) -> 4 | W27: =LEN(D27) -> 6 | X27: =LEN(E27) -> 10 | Y27: =LEN(F27) -> 4
A28: 2004AngChu | B28: Chukwuemeka | C28: Carney | D28: Milieu | E28: Angleterre | F28: 2004 | K28: Tab1_Joueurs_005 | L28: 1989AllReu | M28: Reus | N28: Marco | O28: Attaquant | P28: Allemagne | Q28: 1989 | S28: =CONCATENATE("INSERT INTO Tab1_Joueurs VALUES ('",A27,$S$1,B27,$S$1,C27,$S$1,D27,$S$1,E27,$S$1,F27,"');") -> INSERT INTO Tab1_Joueurs VALUES ('2003AngBel', 'Bellingham', 'Jude', 'Milieu', 'Angleterre', '2003'); | T28: =LEN(A28) -> 10 | U28: =LEN(B28) -> 11 | V28: =LEN(C28) -> 6 | W28: =LEN(D28) -> 6 | X28: =LEN(E28) -> 10 | Y28: =LEN(F28) -> 4
A29: 1987ArgMes | B29: Messi | C29: Lionel | D29: Attaquant | E29: Argentine | F29: 1987 | K29: Tab1_Joueurs_006 | L29: 1990AllKro | M29: Kroos | N29: Toni | O29: Milieu | P29: Allemagne | Q29: 1990 | S29: =CONCATENATE("INSERT INTO Tab1_Joueurs VALUES ('",A28,$S$1,B28,$S$1,C28,$S$1,D28,$S$1,E28,$S$1,F28,"');") -> INSERT INTO Tab1_Joueurs VALUES ('2004AngChu', 'Chukwuemeka', 'Carney', 'Milieu', 'Angleterre', '2004'); | T29: =LEN(A29) -> 10 | U29: =LEN(B29) -> 5 | V29: =LEN(C29) -> 6 | W29: =LEN(D29) -> 9 | X29: =LEN(E29) -> 9 | Y29: =LEN(F29) -> 4
A30: 1988ArgDi | B30: Di Maria | C30: Ãngel | D30: Milieu | E30: Argentine | F30: 1988 | K30: Tab1_Joueurs_007 | L30: 1991AllGün | M30: Gündoğan | N30: Ilkay | O30: Milieu | P30: Allemagne | Q30: 1991 | S30: =CONCATENATE("INSERT INTO Tab1_Joueurs VALUES ('",A29,$S$1,B29,$S$1,C29,$S$1,D29,$S$1,E29,$S$1,F29,"');") -> INSERT INTO Tab1_Joueurs VALUES ('1987ArgMes', 'Messi', 'Lionel', 'Attaquant', 'Argentine', '1987'); | T30: =LEN(A30) -> 10 | U30: =LEN(B30) -> 8 | V30: =LEN(C30) -> 6 | W30: =LEN(D30) -> 6 | X30: =LEN(E30) -> 9 | Y30: =LEN(F30) -> 4
A31: 1993ArgMar | B31: Martínez | C31: Emiliano | D31: Gardien | E31: Argentine | F31: 1993 | K31: Tab1_Joueurs_008 | L31: 1993AllTer | M31: Ter Stegen | N31: Marc-André | O31: Gardien | P31: Allemagne | Q31: 1993 | S31: =CONCATENATE("INSERT INTO Tab1_Joueurs VALUES ('",A30,$S$1,B30,$S$1,C30,$S$1,D30,$S$1,E30,$S$1,F30,"');") -> INSERT INTO Tab1_Joueurs VALUES ('1988ArgDi ', 'Di Maria', 'Ãngel', 'Milieu', 'Argentine', '1988'); | T31: =LEN(A31) -> 10 | U31: =LEN(B31) -> 8 | V31: =LEN(C31) -> 8 | W31: =LEN(D31) -> 7 | X31: =LEN(E31) -> 9 | Y31: =LEN(F31) -> 4
A32: 1994ArgDyb | B32: Dybala | C32: Paulo | D32: Attaquant | E32: Argentine | F32: 1994 | K32: Tab1_Joueurs_009 | L32: 1995AllKim | M32: Kimmich | N32: Joshua | O32: Milieu | P32: Allemagne | Q32: 1995 | S32: =CONCATENATE("INSERT INTO Tab1_Joueurs VALUES ('",A31,$S$1,B31,$S$1,C31,$S$1,D31,$S$1,E31,$S$1,F31,"');") -> INSERT INTO Tab1_Joueurs VALUES ('1993ArgMar', 'Martínez', 'Emiliano', 'Gardien', 'Argentine', '1993'); | T32: =LEN(A32) -> 10 | U32: =LEN(B32) -> 6 | V32: =LEN(C32) -> 5 | W32: =LEN(D32) -> 9 | X32: =LEN(E32) -> 9 | Y32: =LEN(F32) -> 4
A33: 1998ArgLau | B33: Lautaro | C33: Martínez | D33: Attaquant | E33: Argentine | F33: 1998 | K33: Tab1_Joueurs_010 | L33: 1996AllSan | M33: Sané | N33: Leroy | O33: Attaquant | P33: Allemagne | Q33: 1996 | S33: =CONCATENATE("INSERT INTO Tab1_Joueurs VALUES ('",A32,$S$1,B32,$S$1,C32,$S$1,D32,$S$1,E32,$S$1,F32,"');") -> INSERT INTO Tab1_Joueurs VALUES ('1994ArgDyb', 'Dybala', 'Paulo', 'Attaquant', 'Argentine', '1994'); | T33: =LEN(A33) -> 10 | U33: =LEN(B33) -> 7 | V33: =LEN(C33) -> 8 | W33: =LEN(D33) -> 9 | X33: =LEN(E33) -> 9 | Y33: =LEN(F33) -> 4
A34: 1998ArgMar | B34: Martínez | C34: Lautaro | D34: Attaquant | E34: Argentine | F34: 1998 | K34: Tab1_Joueurs_011 | L34: 1997AllGna | M34: Gnabry | N34: Serge | O34: Attaquant | P34: Allemagne | Q34: 1997 | S34: =CONCATENATE("INSERT INTO Tab1_Joueurs VALUES ('",A33,$S$1,B33,$S$1,C33,$S$1,D33,$S$1,E33,$S$1,F33,"');") -> INSERT INTO Tab1_Joueurs VALUES ('1998ArgLau', 'Lautaro', 'Martínez', 'Attaquant', 'Argentine', '1998'); | T34: =LEN(A34) -> 10 | U34: =LEN(B34) -> 8 | V34: =LEN(C34) -> 7 | W34: =LEN(D34) -> 9 | X34: =LEN(E34) -> 9 | Y34: =LEN(F34) -> 4
A35: 2002ArgAlm | B35: Almada | C35: Thiago | D35: Milieu | E35: Argentine | F35: 2002 | K35: Tab1_Joueurs_012 | L35: 2003AllWir | M35: Wirtz | N35: Florian | O35: Milieu | P35: Allemagne | Q35: 2003 | S35: =CONCATENATE("INSERT INTO Tab1_Joueurs VALUES ('",A34,$S$1,B34,$S$1,C34,$S$1,D34,$S$1,E34,$S$1,F34,"');") -> INSERT INTO Tab1_Joueurs VALUES ('1998ArgMar', 'Martínez', 'Lautaro', 'Attaquant', 'Argentine', '1998'); | T35: =LEN(A35) -> 10 | U35: =LEN(B35) -> 6 | V35: =LEN(C35) -> 6 | W35: =LEN(D35) -> 6 | X35: =LEN(E35) -> 9 | Y35: =LEN(F35) -> 4
... A157: 2002UruUga | B157: Ugarte | C157: Manuel | D157: Milieu | E157: Uruguay | F157: 2002 | K157: Tab1_Joueurs_134 | L157: 1991PolSzc | M157: Szczęsny | N157: Wojciech | O157: Gardien | P157: Pologne | Q157: 1991 | S157: =CONCATENATE("INSERT INTO Tab1_Joueurs VALUES ('",A156,$S$1,B156,$S$1,C156,$S$1,D156,$S$1,E156,$S$1,F156,"');") -> INSERT INTO Tab1_Joueurs VALUES ('1998UruVal', 'Valverde', 'Federico', 'Milieu', 'Uruguay', '1998'); | T157: =LEN(A157) -> 10 | U157: =LEN(B157) -> 6 | V157: =LEN(C157) -> 6 | W157: =LEN(D157) -> 6 | X157: =LEN(E157) -> 7 | Y157: =LEN(F157) -> 4
K158: Tab1_Joueurs_135 | L158: 1985PorRon | M158: Ronaldo | N158: Cristiano | O158: Attaquant | P158: Portugal | Q158: 1985 | S158: =CONCATENATE("INSERT INTO Tab1_Joueurs VALUES ('",A157,$S$1,B157,$S$1,C157,$S$1,D157,$S$1,E157,$S$1,F157,"');") -> INSERT INTO Tab1_Joueurs VALUES ('2002UruUga', 'Ugarte', 'Manuel', 'Milieu', 'Uruguay', '2002');
K159: Tab1_Joueurs_136 | L159: 1994PorBer | M159: Bernardo | N159: Silva | O159: Milieu | P159: Portugal | Q159: 1994
K160: Tab1_Joueurs_137 | L160: 1995PorFer | M160: Fernandes | N160: Bruno | O160: Milieu | P160: Portugal | Q160: 1995
K161: Tab1_Joueurs_138 | L161: 1997PorDia | M161: Dias | N161: Rúben | O161: Défenseur | P161: Portugal | Q161: 1997
K162: Tab1_Joueurs_139 | L162: 1997PorFáb | M162: Fábio Vieira | N162: Fábio | O162: Attaquant | P162: Portugal | Q162: 1997
K163: Tab1_Joueurs_140 | L163: 2000PorLea | M163: Leao | N163: Rafael | O163: Attaquant | P163: Portugal | Q163: 2000
K164: Tab1_Joueurs_141 | L164: 2001PorNun | M164: Nuno | N164: Nuno | O164: Défenseur | P164: Portugal | Q164: 2001
K165: Tab1_Joueurs_142 | L165: 2001PorVit | M165: Vitinha | N165: Vítor | O165: Milieu | P165: Portugal | Q165: 2001
K166: Tab1_Joueurs_143 | L166: 2002PorRam | M166: Ramos | N166: Gonçalo | O166: Attaquant | P166: Portugal | Q166: 2002
K167: Tab1_Joueurs_144 | L167: 1987SerKol | M167: Kolarov | N167: Aleksandar | O167: Défenseur | P167: Serbie | Q167: 1987
K168: Tab1_Joueurs_145 | L168: 1989SerTad | M168: Tadic | N168: Dusan | O168: Milieu | P168: Serbie | Q168: 1989
K169: Tab1_Joueurs_146 | L169: 1995SerJov | M169: Jović | N169: Luka | O169: Attaquant | P169: Serbie | Q169: 1995
K170: Tab1_Joueurs_147 | L170: 1993SloObl | M170: Oblak | N170: Jan | O170: Gardien | P170: Slovénie | Q170: 1993
... K179: Tab1_Joueurs_156 | L179: 2002UruUga | M179: Ugarte | N179: Manuel | O179: Milieu | P179: Uruguay | Q179: 2002

Sheet Tab2_Goalkeeper
A1: ID | B1: FirstName | C1: LastName | D1: Position | E1: Country_Origin | J1: ID Colonne | K1: Col0 | L1: Col1 | M1: Col2 | N1: Col3 | O1: Col4 | P1: Col5 | S1: ', ' | T1: =MAX(T2:T157) -> 7 | U1: =MAX(U2:U157) -> 10 | V1: =MAX(V2:V157) -> 10 | W1: =MAX(W2:W157) -> 10 | X1: =MAX(X2:X157) -> 11 | Y1: =MAX(Y2:Y157) -> #REF! | Z1: Min
A2: GERGK01 | B2: Manuel | C2: NEUER | D2: Goalkeeper | E2: GERMANY | J2: Nom Colonne | K2: Source | L2: ID | M2: FirstName | N2: LastName | O2: Position | P2: Country_Origin | S2: =CONCATENATE("INSERT INTO Tab2_Goalkeeper VALUES ('",A2,$S$1,B2,$S$1,C2,$S$1,D2,$S$1,E2,"');") -> INSERT INTO Tab2_Goalkeeper VALUES ('GERGK01', 'Manuel', 'NEUER', 'Goalkeeper', 'GERMANY'); | T2: =LEN(A2) -> 7 | U2: =LEN(B2) -> 6 | V2: =LEN(C2) -> 5 | W2: =LEN(D2) -> 10 | X2: =LEN(E2) -> 7 | Y2: =LEN(#REF!) -> #REF! | Z2: =MIN(#REF!) -> #REF!
A3: GERGK02 | B3: Marc-André | C3: TER STEGEN | D3: Goalkeeper | E3: GERMANY | J3: Type Colonne | K3: Tab2_Goalkeeper | L3: String | M3: String | N3: String | O3: String | P3: String | S3: =CONCATENATE("INSERT INTO Tab2_Goalkeeper VALUES ('",A3,$S$1,B3,$S$1,C3,$S$1,D3,$S$1,E3,"');") -> INSERT INTO Tab2_Goalkeeper VALUES ('GERGK02', 'Marc-André', 'TER STEGEN', 'Goalkeeper', 'GERMANY'); | T3: =LEN(A3) -> 7 | U3: =LEN(B3) -> 10 | V3: =LEN(C3) -> 10 | W3: =LEN(D3) -> 10 | X3: =LEN(E3) -> 7 | Y3: =LEN(#REF!) -> #REF! | Z3: Max
A4: ENGGK03 | B4: Nick | C4: POPE | D4: Goalkeeper | E4: ENGLAND | J4: Longueur Colonne | K4: Tab2_Goalkeeper | L4: 7 | M4: 10 | N4: 10 | O4: 10 | P4: 11 | S4: =CONCATENATE("INSERT INTO Tab2_Goalkeeper VALUES ('",A4,$S$1,B4,$S$1,C4,$S$1,D4,$S$1,E4,"');") -> INSERT INTO Tab2_Goalkeeper VALUES ('ENGGK03', 'Nick', 'POPE', 'Goalkeeper', 'ENGLAND'); | T4: =LEN(A4) -> 7 | U4: =LEN(B4) -> 4 | V4: =LEN(C4) -> 4 | W4: =LEN(D4) -> 10 | X4: =LEN(E4) -> 7 | Y4: =LEN(#REF!) -> #REF! | Z4: =MAX(#REF!) -> #REF!
A5: ENGGK04 | B5: Jordan | C5: PICKFORD | D5: Goalkeeper | E5: ENGLAND | J5: Format Colonne | K5: Tab2_Goalkeeper | L5: CCCCCNN | M5: INITCAP | N5: UPPER | O5: INITCAP | P5: UPPER | S5: =CONCATENATE("INSERT INTO Tab2_Goalkeeper VALUES ('",A5,$S$1,B5,$S$1,C5,$S$1,D5,$S$1,E5,"');") -> INSERT INTO Tab2_Goalkeeper VALUES ('ENGGK04', 'Jordan', 'PICKFORD', 'Goalkeeper', 'ENGLAND'); | T5: =LEN(A5) -> 7 | U5: =LEN(B5) -> 6 | V5: =LEN(C5) -> 8 | W5: =LEN(D5) -> 10 | X5: =LEN(E5) -> 7 | Y5: =LEN(#REF!) -> #REF! | Z5: Moy
A6: ENGGK05 | B6: Aaron | C6: RAMSDALE | D6: Goalkeeper | E6: ENGLAND | J6: Langue Colonne | K6: Tab2_Goalkeeper | M6: Français/Anglais?? | N6: Français/Anglais?? | O6: Anglais | P6: Anglais | S6: =CONCATENATE("INSERT INTO Tab2_Goalkeeper VALUES ('",A6,$S$1,B6,$S$1,C6,$S$1,D6,$S$1,E6,"');") -> INSERT INTO Tab2_Goalkeeper VALUES ('ENGGK05', 'Aaron', 'RAMSDALE', 'Goalkeeper', 'ENGLAND'); | T6: =LEN(A6) -> 7 | U6: =LEN(B6) -> 5 | V6: =LEN(C6) -> 8 | W6: =LEN(D6) -> 10 | X6: =LEN(E6) -> 7 | Y6: =LEN(#REF!) -> #REF! | Z6: =AVERAGE(#REF!) -> #REF!
A7: ARGGK06 | B7: Emiliano | C7: MARTÍNEZ | D7: Goalkeeper | E7: ARGENTINA | J7: Valeurs Uniques | K7: Tab2_Goalkeeper | L7: Oui | M7: Non | N7: Non | O7: Non | P7: Non | S7: =CONCATENATE("INSERT INTO Tab2_Goalkeeper VALUES ('",A7,$S$1,B7,$S$1,C7,$S$1,D7,$S$1,E7,"');") -> INSERT INTO Tab2_Goalkeeper VALUES ('ARGGK06', 'Emiliano', 'MARTÍNEZ', 'Goalkeeper', 'ARGENTINA'); | T7: =LEN(A7) -> 7 | U7: =LEN(B7) -> 8 | V7: =LEN(C7) -> 8 | W7: =LEN(D7) -> 10 | X7: =LEN(E7) -> 9 | Y7: =LEN(#REF!) -> #REF!
A8: BELGK07 | B8: Thibaut | C8: COURTOIS | D8: Goalkeeper | E8: BELGIUM | J8: Nombre de Valeurs Présentes | K8: Tab2_Goalkeeper | L8: 20 | M8: 20 | N8: 20 | O8: 20 | P8: 20 | S8: =CONCATENATE("INSERT INTO Tab2_Goalkeeper VALUES ('",A8,$S$1,B8,$S$1,C8,$S$1,D8,$S$1,E8,"');") -> INSERT INTO Tab2_Goalkeeper VALUES ('BELGK07', 'Thibaut', 'COURTOIS', 'Goalkeeper', 'BELGIUM'); | T8: =LEN(A8) -> 7 | U8: =LEN(B8) -> 7 | V8: =LEN(C8) -> 8 | W8: =LEN(D8) -> 10 | X8: =LEN(E8) -> 7 | Y8: =LEN(#REF!) -> #REF! | Z8: Nbval | AA8: =COUNTA(A$2:A$157) -> 20 | AB8: =COUNTA(B$2:B$157) -> 20 | AC8: =COUNTA(C$2:C$157) -> 20 | AD8: =COUNTA(D$2:D$157) -> 20 | AE8: =COUNTA(E$2:E$157) -> 20
A9: BRAGK08 | B9: Becker | C9: ALISSON | D9: Goalkeeper | E9: BRAZIL | J9: Nombre de Valeurs Manquantes | K9: Tab2_Goalkeeper | L9: 0 | M9: 0 | N9: 0 | O9: 0 | P9: 0 | S9: =CONCATENATE("INSERT INTO Tab2_Goalkeeper VALUES ('",A9,$S$1,B9,$S$1,C9,$S$1,D9,$S$1,E9,"');") -> INSERT INTO Tab2_Goalkeeper VALUES ('BRAGK08', 'Becker', 'ALISSON', 'Goalkeeper', 'BRAZIL'); | T9: =LEN(A9) -> 7 | U9: =LEN(B9) -> 6 | V9: =LEN(C9) -> 7 | W9: =LEN(D9) -> 10 | X9: =LEN(E9) -> 6 | Y9: =LEN(#REF!) -> #REF!
A10: BRAGK09 | B10: Moraes | C10: EDERSON | D10: Goalkeeper | E10: BRAZIL | J10: Nombre de valeurs en UPPER uniquement | K10: Tab2_Goalkeeper | L10: 0 | M10: 0 | N10: 20 | O10: 0 | P10: 20 | S10: =CONCATENATE("INSERT INTO Tab2_Goalkeeper VALUES ('",A10,$S$1,B10,$S$1,C10,$S$1,D10,$S$1,E10,"');") -> INSERT INTO Tab2_Goalkeeper VALUES ('BRAGK09', 'Moraes', 'EDERSON', 'Goalkeeper', 'BRAZIL'); | T10: =LEN(A10) -> 7 | U10: =LEN(B10) -> 6 | V10: =LEN(C10) -> 7 | W10: =LEN(D10) -> 10 | X10: =LEN(E10) -> 6 | Y10: =LEN(#REF!) -> #REF!
A11: CAMGK10 | B11: André | C11: ONANA | D11: Goalkeeper | E11: CAMEROON | J11: Nombre de valeurs en LOWER uniquement | K11: Tab2_Goalkeeper | L11: 0 | M11: 0 | N11: 0 | O11: 0 | P11: 0 | S11: =CONCATENATE("INSERT INTO Tab2_Goalkeeper VALUES ('",A11,$S$1,B11,$S$1,C11,$S$1,D11,$S$1,E11,"');") -> INSERT INTO Tab2_Goalkeeper VALUES ('CAMGK10', 'André', 'ONANA', 'Goalkeeper', 'CAMEROON'); | T11: =LEN(A11) -> 7 | U11: =LEN(B11) -> 5 | V11: =LEN(C11) -> 5 | W11: =LEN(D11) -> 10 | X11: =LEN(E11) -> 8 | Y11: =LEN(#REF!) -> #REF!
A12: COSGK11 | B12: Keylor | C12: NAVAS | D12: Goalkeeper | E12: COSTA RICA | J12: Nombre de valeurs en INITCAP uniquement | K12: Tab2_Goalkeeper | L12: 20 | M12: 20 | N12: 20 | O12: 20 | P12: 0 | S12: =CONCATENATE("INSERT INTO Tab2_Goalkeeper VALUES ('",A12,$S$1,B12,$S$1,C12,$S$1,D12,$S$1,E12,"');") -> INSERT INTO Tab2_Goalkeeper VALUES ('COSGK11', 'Keylor', 'NAVAS', 'Goalkeeper', 'COSTA RICA'); | T12: =LEN(A12) -> 7 | U12: =LEN(B12) -> 6 | V12: =LEN(C12) -> 5 | W12: =LEN(D12) -> 10 | X12: =LEN(E12) -> 10 | Y12: =LEN(#REF!) -> #REF!
A13: CROGK12 | B13: Dominik | C13: LIVAKOVIĆ | D13: Goalkeeper | E13: CROATIA | J13: Nombre de valeurs en MIXTE | K13: Tab2_Goalkeeper | L13: 0 | M13: 0 | N13: 0 | O13: 0 | P13: 0 | S13: =CONCATENATE("INSERT INTO Tab2_Goalkeeper VALUES ('",A13,$S$1,B13,$S$1,C13,$S$1,D13,$S$1,E13,"');") -> INSERT INTO Tab2_Goalkeeper VALUES ('CROGK12', 'Dominik', 'LIVAKOVIĆ', 'Goalkeeper', 'CROATIA'); | T13: =LEN(A13) -> 7 | U13: =LEN(B13) -> 7 | V13: =LEN(C13) -> 9 | W13: =LEN(D13) -> 10 | X13: =LEN(E13) -> 7 | Y13: =LEN(#REF!) -> #REF!
A14: FRAGK13 | B14: Hugo | C14: LLORIS | D14: Goalkeeper | E14: FRANCE | J14: REGEX Colonne | K14: Tab2_Goalkeeper | L14: ^[A..Za..z] ?-.öè | M14: ^[A..Za..z] ?-.öè | N14: ^[A..Za..z] ?-.öè | O14: ^[A..Za..z] ?-.öè | P14: ^[A..Za..z] ?-.öè | S14: =CONCATENATE("INSERT INTO Tab2_Goalkeeper VALUES ('",A14,$S$1,B14,$S$1,C14,$S$1,D14,$S$1,E14,"');") -> INSERT INTO Tab2_Goalkeeper VALUES ('FRAGK13', 'Hugo', 'LLORIS', 'Goalkeeper', 'FRANCE'); | T14: =LEN(A14) -> 7 | U14: =LEN(B14) -> 4 | V14: =LEN(C14) -> 6 | W14: =LEN(D14) -> 10 | X14: =LEN(E14) -> 6 | Y14: =LEN(#REF!) -> #REF!
A15: FRAGK14 | B15: Mike | C15: MAIGNAN | D15: Goalkeeper | E15: FRANCE | J15: Nombre de valeurs avec ESPACE | K15: Tab2_Goalkeeper | S15: =CONCATENATE("INSERT INTO Tab2_Goalkeeper VALUES ('",A15,$S$1,B15,$S$1,C15,$S$1,D15,$S$1,E15,"');") -> INSERT INTO Tab2_Goalkeeper VALUES ('FRAGK14', 'Mike', 'MAIGNAN', 'Goalkeeper', 'FRANCE'); | T15: =LEN(A15) -> 7 | U15: =LEN(B15) -> 4 | V15: =LEN(C15) -> 7 | W15: =LEN(D15) -> 10 | X15: =LEN(E15) -> 6 | Y15: =LEN(#REF!) -> #REF!
A16: ITAGK15 | B16: Gianluigi | C16: DONNARUMMA | D16: Goalkeeper | E16: ITALY | J16: Nombre de valeurs avec TIRET | K16: Tab2_Goalkeeper | S16: =CONCATENATE("INSERT INTO Tab2_Goalkeeper VALUES ('",A16,$S$1,B16,$S$1,C16,$S$1,D16,$S$1,E16,"');") -> INSERT INTO Tab2_Goalkeeper VALUES ('ITAGK15', 'Gianluigi', 'DONNARUMMA', 'Goalkeeper', 'ITALY'); | T16: =LEN(A16) -> 7 | U16: =LEN(B16) -> 9 | V16: =LEN(C16) -> 10 | W16: =LEN(D16) -> 10 | X16: =LEN(E16) -> 5 | Y16: =LEN(#REF!) -> #REF!
A17: MEXGK16 | B17: Guillermo | C17: OCHOA | D17: Goalkeeper | E17: MEXICO | J17: Nombre de valeurs avec APOSTROPHE | K17: Tab2_Goalkeeper | S17: =CONCATENATE("INSERT INTO Tab2_Goalkeeper VALUES ('",A17,$S$1,B17,$S$1,C17,$S$1,D17,$S$1,E17,"');") -> INSERT INTO Tab2_Goalkeeper VALUES ('MEXGK16', 'Guillermo', 'OCHOA', 'Goalkeeper', 'MEXICO'); | T17: =LEN(A17) -> 7 | U17: =LEN(B17) -> 9 | V17: =LEN(C17) -> 5 | W17: =LEN(D17) -> 10 | X17: =LEN(E17) -> 6 | Y17: =LEN(#REF!) -> #REF!
A18: POLGK17 | B18: Wojciech | C18: SZCZĘSNY | D18: Goalkeeper | E18: POLAND | J18: Nombre de valeurs INCORRECTES | K18: Tab2_Goalkeeper | S18: =CONCATENATE("INSERT INTO Tab2_Goalkeeper VALUES ('",A18,$S$1,B18,$S$1,C18,$S$1,D18,$S$1,E18,"');") -> INSERT INTO Tab2_Goalkeeper VALUES ('POLGK17', 'Wojciech', 'SZCZĘSNY', 'Goalkeeper', 'POLAND'); | T18: =LEN(A18) -> 7 | U18: =LEN(B18) -> 8 | V18: =LEN(C18) -> 8 | W18: =LEN(D18) -> 10 | X18: =LEN(E18) -> 6 | Y18: =LEN(#REF!) -> #REF!
A19: SLOGK18 | B19: Jan | C19: OBLAK | D19: Goalkeeper | E19: SLOVENIA | J19: Nombre de valeurs CORRECTES | K19: Tab2_Goalkeeper | S19: =CONCATENATE("INSERT INTO Tab2_Goalkeeper VALUES ('",A19,$S$1,B19,$S$1,C19,$S$1,D19,$S$1,E19,"');") -> INSERT INTO Tab2_Goalkeeper VALUES ('SLOGK18', 'Jan', 'OBLAK', 'Goalkeeper', 'SLOVENIA'); | T19: =LEN(A19) -> 7 | U19: =LEN(B19) -> 3 | V19: =LEN(C19) -> 5 | W19: =LEN(D19) -> 10 | X19: =LEN(E19) -> 8 | Y19: =LEN(#REF!) -> #REF!
A20: SWIGK19 | B20: Yann | C20: SOMMER | D20: Goalkeeper | E20: SWITZERLAND | J20: Nombre de doublons exacts | K20: Tab2_Goalkeeper | S20: =CONCATENATE("INSERT INTO Tab2_Goalkeeper VALUES ('",A20,$S$1,B20,$S$1,C20,$S$1,D20,$S$1,E20,"');") -> INSERT INTO Tab2_Goalkeeper VALUES ('SWIGK19', 'Yann', 'SOMMER', 'Goalkeeper', 'SWITZERLAND'); | T20: =LEN(A20) -> 7 | U20: =LEN(B20) -> 4 | V20: =LEN(C20) -> 6 | W20: =LEN(D20) -> 10 | X20: =LEN(E20) -> 11 | Y20: =LEN(#REF!) -> #REF!
A21: UKRGK20 | B21: Anatoliy | C21: TRUBIN | D21: Goalkeeper | E21: UKRAINE | J21: Min Colonne | K21: Tab2_Goalkeeper | S21: =CONCATENATE("INSERT INTO Tab2_Goalkeeper VALUES ('",A21,$S$1,B21,$S$1,C21,$S$1,D21,$S$1,E21,"');") -> INSERT INTO Tab2_Goalkeeper VALUES ('UKRGK20', 'Anatoliy', 'TRUBIN', 'Goalkeeper', 'UKRAINE'); | T21: =LEN(A21) -> 7 | U21: =LEN(B21) -> 8 | V21: =LEN(C21) -> 6 | W21: =LEN(D21) -> 10 | X21: =LEN(E21) -> 7 | Y21: =LEN(#REF!) -> #REF!
J22: Max Colonne | K22: Tab2_Goalkeeper | T22: =LEN(A22) -> 0 | U22: =LEN(B22) -> 0 | V22: =LEN(C22) -> 0 | W22: =LEN(D22) -> 0 | X22: =LEN(E22) -> 0 | Y22: =LEN(#REF!) -> #REF!
J23: Moy Colonne | K23: Tab2_Goalkeeper | T23: =LEN(A23) -> 0 | U23: =LEN(B23) -> 0 | V23: =LEN(C23) -> 0 | W23: =LEN(D23) -> 0 | X23: =LEN(E23) -> 0 | Y23: =LEN(#REF!) -> #REF!
K24: Tab2_Goalkeeper_001 | L24: GERGK01 | M24: Manuel | N24: NEUER | O24: Goalkeeper | P24: GERMANY | T24: =LEN(A24) -> 0 | U24: =LEN(B24) -> 0 | V24: =LEN(C24) -> 0 | W24: =LEN(D24) -> 0 | X24: =LEN(E24) -> 0 | Y24: =LEN(#REF!) -> #REF!
K25: Tab2_Goalkeeper_002 | L25: GERGK02 | M25: Marc-André | N25: TER STEGEN | O25: Goalkeeper | P25: GERMANY | T25: =LEN(A25) -> 0 | U25: =LEN(B25) -> 0 | V25: =LEN(C25) -> 0 | W25: =LEN(D25) -> 0 | X25: =LEN(E25) -> 0 | Y25: =LEN(#REF!) -> #REF!
K26: Tab2_Goalkeeper_003 | L26: ENGGK03 | M26: Nick | N26: POPE | O26: Goalkeeper | P26: ENGLAND | T26: =LEN(A26) -> 0 | U26: =LEN(B26) -> 0 | V26: =LEN(C26) -> 0 | W26: =LEN(D26) -> 0 | X26: =LEN(E26) -> 0 | Y26: =LEN(#REF!) -> #REF!
K27: Tab2_Goalkeeper_004 | L27: ENGGK04 | M27: Jordan | N27: PICKFORD | O27: Goalkeeper | P27: ENGLAND | T27: =LEN(A27) -> 0 | U27: =LEN(B27) -> 0 | V27: =LEN(C27) -> 0 | W27: =LEN(D27) -> 0 | X27: =LEN(E27) -> 0 | Y27: =LEN(#REF!) -> #REF!
K28: Tab2_Goalkeeper_005 | L28: ENGGK05 | M28: Aaron | N28: RAMSDALE | O28: Goalkeeper | P28: ENGLAND | T28: =LEN(A28) -> 0 | U28: =LEN(B28) -> 0 | V28: =LEN(C28) -> 0 | W28: =LEN(D28) -> 0 | X28: =LEN(E28) -> 0 | Y28: =LEN(#REF!) -> #REF!
K29: Tab2_Goalkeeper_006 | L29: ARGGK06 | M29: Emiliano | N29: MARTÍNEZ | O29: Goalkeeper | P29: ARGENTINA | T29: =LEN(A29) -> 0 | U29: =LEN(B29) -> 0 | V29: =LEN(C29) -> 0 | W29: =LEN(D29) -> 0 | X29: =LEN(E29) -> 0 | Y29: =LEN(#REF!) -> #REF!
K30: Tab2_Goalkeeper_007 | L30: BELGK07 | M30: Thibaut | N30: COURTOIS | O30: Goalkeeper | P30: BELGIUM | T30: =LEN(A30) -> 0 | U30: =LEN(B30) -> 0 | V30: =LEN(C30) -> 0 | W30: =LEN(D30) -> 0 | X30: =LEN(E30) -> 0 | Y30: =LEN(#REF!) -> #REF!
K31: Tab2_Goalkeeper_008 | L31: BRAGK08 | M31: Becker | N31: ALISSON | O31: Goalkeeper | P31: BRAZIL | T31: =LEN(A31) -> 0 | U31: =LEN(B31) -> 0 | V31: =LEN(C31) -> 0 | W31: =LEN(D31) -> 0 | X31: =LEN(E31) -> 0 | Y31: =LEN(#REF!) -> #REF!
K32: Tab2_Goalkeeper_009 | L32: BRAGK09 | M32: Moraes | N32: EDERSON | O32: Goalkeeper | P32: BRAZIL | T32: =LEN(A32) -> 0 | U32: =LEN(B32) -> 0 | V32: =LEN(C32) -> 0 | W32: =LEN(D32) -> 0 | X32: =LEN(E32) -> 0 | Y32: =LEN(#REF!) -> #REF!
K33: Tab2_Goalkeeper_010 | L33: CAMGK10 | M33: André | N33: ONANA | O33: Goalkeeper | P33: CAMEROON | T33: =LEN(A33) -> 0 | U33: =LEN(B33) -> 0 | V33: =LEN(C33) -> 0 | W33: =LEN(D33) -> 0 | X33: =LEN(E33) -> 0 | Y33: =LEN(#REF!) -> #REF!
K34: Tab2_Goalkeeper_011 | L34: COSGK11 | M34: Keylor | N34: NAVAS | O34: Goalkeeper | P34: COSTA RICA | T34: =LEN(A34) -> 0 | U34: =LEN(B34) -> 0 | V34: =LEN(C34) -> 0 | W34: =LEN(D34) -> 0 | X34: =LEN(E34) -> 0 | Y34: =LEN(#REF!) -> #REF!
K35: Tab2_Goalkeeper_012 | L35: CROGK12 | M35: Dominik | N35: LIVAKOVIĆ | O35: Goalkeeper | P35: CROATIA | T35: =LEN(A35) -> 0 | U35: =LEN(B35) -> 0 | V35: =LEN(C35) -> 0 | W35: =LEN(D35) -> 0 | X35: =LEN(E35) -> 0 | Y35: =LEN(#REF!) -> #REF!
... K43: Tab2_Goalkeeper_020 | L43: UKRGK20 | M43: Anatoliy | N43: TRUBIN | O43: Goalkeeper | P43: UKRAINE | T43: =LEN(A43) -> 0 | U43: =LEN(B43) -> 0 | V43: =LEN(C43) -> 0 | W43: =LEN(D43) -> 0 | X43: =LEN(E43) -> 0 | Y43: =LEN(#REF!) -> #REF!
T44: =LEN(A44) -> 0 | U44: =LEN(B44) -> 0 | V44: =LEN(C44) -> 0 | W44: =LEN(D44) -> 0 | X44: =LEN(E44) -> 0 | Y44: =LEN(#REF!) -> #REF!
T45: =LEN(A45) -> 0 | U45: =LEN(B45) -> 0 | V45: =LEN(C45) -> 0 | W45: =LEN(D45) -> 0 | X45: =LEN(E45) -> 0 | Y45: =LEN(#REF!) -> #REF!
T46: =LEN(A46) -> 0 | U46: =LEN(B46) -> 0 | V46: =LEN(C46) -> 0 | W46: =LEN(D46) -> 0 | X46: =LEN(E46) -> 0 | Y46: =LEN(#REF!) -> #REF!
T47: =LEN(A47) -> 0 | U47: =LEN(B47) -> 0 | V47: =LEN(C47) -> 0 | W47: =LEN(D47) -> 0 | X47: =LEN(E47) -> 0 | Y47: =LEN(#REF!) -> #REF!
T48: =LEN(A48) -> 0 | U48: =LEN(B48) -> 0 | V48: =LEN(C48) -> 0 | W48: =LEN(D48) -> 0 | X48: =LEN(E48) -> 0 | Y48: =LEN(#REF!) -> #REF!
T49: =LEN(A49) -> 0 | U49: =LEN(B49) -> 0 | V49: =LEN(C49) -> 0 | W49: =LEN(D49) -> 0 | X49: =LEN(E49) -> 0 | Y49: =LEN(#REF!) -> #REF!
T50: =LEN(A50) -> 0 | U50: =LEN(B50) -> 0 | V50: =LEN(C50) -> 0 | W50: =LEN(D50) -> 0 | X50: =LEN(E50) -> 0 | Y50: =LEN(#REF!) -> #REF!
T51: =LEN(A51) -> 0 | U51: =LEN(B51) -> 0 | V51: =LEN(C51) -> 0 | W51: =LEN(D51) -> 0 | X51: =LEN(E51) -> 0 | Y51: =LEN(#REF!) -> #REF!
T52: =LEN(A52) -> 0 | U52: =LEN(B52) -> 0 | V52: =LEN(C52) -> 0 | W52: =LEN(D52) -> 0 | X52: =LEN(E52) -> 0 | Y52: =LEN(#REF!) -> #REF!
T53: =LEN(A53) -> 0 | U53: =LEN(B53) -> 0 | V53: =LEN(C53) -> 0 | W53: =LEN(D53) -> 0 | X53: =LEN(E53) -> 0 | Y53: =LEN(#REF!) -> #REF!
T54: =LEN(A54) -> 0 | U54: =LEN(B54) -> 0 | V54: =LEN(C54) -> 0 | W54: =LEN(D54) -> 0 | X54: =LEN(E54) -> 0 | Y54: =LEN(#REF!) -> #REF!
T55: =LEN(A55) -> 0 | U55: =LEN(B55) -> 0 | V55: =LEN(C55) -> 0 | W55: =LEN(D55) -> 0 | X55: =LEN(E55) -> 0 | Y55: =LEN(#REF!) -> #REF!
... T157: =LEN(A157) -> 0 | U157: =LEN(B157) -> 0 | V157: =LEN(C157) -> 0 | W157: =LEN(D157) -> 0 | X157: =LEN(E157) -> 0 | Y157: =LEN(#REF!) -> #REF!

Sheet Tab3_TOP10_JoueursFoot
A1: ID | B1: NOM | C1: Prénom | D1: Poste | E1: Pays2Naissance | F1: Année2Naissance | S1: ', '
A2: 1 | B2: Di Stéfano | C2: Alfredo | D2: Attaquant | E2: Argentine | F2: 1926 | S2: =CONCATENATE("INSERT INTO Tab3_TOP10_JoueursFoot VALUES ('",A2,$S$1,B2,$S$1,C2,$S$1,D2,$S$1,E2,$S$1,F2,"');") -> INSERT INTO Tab3_TOP10_JoueursFoot VALUES ('1', 'Di Stéfano', 'Alfredo', 'Attaquant', 'Argentine', '1926');
A3: 2 | B3: Yashin | C3: Lev | D3: Gardien | E3: Russie | F3: 1929 | S3: =CONCATENATE("INSERT INTO Tab3_TOP10_JoueursFoot VALUES ('",A3,$S$1,B3,$S$1,C3,$S$1,D3,$S$1,E3,$S$1,F3,"');") -> INSERT INTO Tab3_TOP10_JoueursFoot VALUES ('2', 'Yashin', 'Lev', 'Gardien', 'Russie', '1929');
A4: 3 | B4: Banks | C4: Gordon | D4: Gardien | E4: Angleterre | F4: 1937 | S4: =CONCATENATE("INSERT INTO Tab3_TOP10_JoueursFoot VALUES ('",A4,$S$1,B4,$S$1,C4,$S$1,D4,$S$1,E4,$S$1,F4,"');") -> INSERT INTO Tab3_TOP10_JoueursFoot VALUES ('3', 'Banks', 'Gordon', 'Gardien', 'Angleterre', '1937');
A5: 4 | B5: Pelé | C5: Edson | D5: Attaquant | E5: Brésil | F5: 1940 | S5: =CONCATENATE("INSERT INTO Tab3_TOP10_JoueursFoot VALUES ('",A5,$S$1,B5,$S$1,C5,$S$1,D5,$S$1,E5,$S$1,F5,"');") -> INSERT INTO Tab3_TOP10_JoueursFoot VALUES ('4', 'Pelé', 'Edson', 'Attaquant', 'Brésil', '1940');
A6: 5 | B6: Zoff | C6: Dino | D6: Gardien | E6: Italie | F6: 1942 | S6: =CONCATENATE("INSERT INTO Tab3_TOP10_JoueursFoot VALUES ('",A6,$S$1,B6,$S$1,C6,$S$1,D6,$S$1,E6,$S$1,F6,"');") -> INSERT INTO Tab3_TOP10_JoueursFoot VALUES ('5', 'Zoff', 'Dino', 'Gardien', 'Italie', '1942');
A7: 6 | B7: Beckenbauer | C7: Franz | D7: Défenseur | E7: Allemagne | F7: 1945 | S7: =CONCATENATE("INSERT INTO Tab3_TOP10_JoueursFoot VALUES ('",A7,$S$1,B7,$S$1,C7,$S$1,D7,$S$1,E7,$S$1,F7,"');") -> INSERT INTO Tab3_TOP10_JoueursFoot VALUES ('6', 'Beckenbauer', 'Franz', 'Défenseur', 'Allemagne', '1945');
A8: 7 | B8: Cruyff | C8: Johan | D8: Milieu | E8: Pays-Bas | F8: 1947 | S8: =CONCATENATE("INSERT INTO Tab3_TOP10_JoueursFoot VALUES ('",A8,$S$1,B8,$S$1,C8,$S$1,D8,$S$1,E8,$S$1,F8,"');") -> INSERT INTO Tab3_TOP10_JoueursFoot VALUES ('7', 'Cruyff', 'Johan', 'Milieu', 'Pays-Bas', '1947');
A9: 8 | B9: Arconada | C9: Luis | D9: Gardien | E9: Espagne | F9: 1954 | S9: =CONCATENATE("INSERT INTO Tab3_TOP10_JoueursFoot VALUES ('",A9,$S$1,B9,$S$1,C9,$S$1,D9,$S$1,E9,$S$1,F9,"');") -> INSERT INTO Tab3_TOP10_JoueursFoot VALUES ('8', 'Arconada', 'Luis', 'Gardien', 'Espagne', '1954');
A10: 9 | B10: Platini | C10: Michel | D10: Milieu | E10: France | F10: 1955 | S10: =CONCATENATE("INSERT INTO Tab3_TOP10_JoueursFoot VALUES ('",A10,$S$1,B10,$S$1,C10,$S$1,D10,$S$1,E10,$S$1,F10,"');") -> INSERT INTO Tab3_TOP10_JoueursFoot VALUES ('9', 'Platini', 'Michel', 'Milieu', 'France', '1955');
A11: 10 | B11: Maradona | C11: Diego | D11: Attaquant | E11: Argentine | F11: 1960 | S11: =CONCATENATE("INSERT INTO Tab3_TOP10_JoueursFoot VALUES ('",A11,$S$1,B11,$S$1,C11,$S$1,D11,$S$1,E11,$S$1,F11,"');") -> INSERT INTO Tab3_TOP10_JoueursFoot VALUES ('10', 'Maradona', 'Diego', 'Attaquant', 'Argentine', '1960');
A12: 11 | B12: Schmeichel | C12: Peter | D12: Gardien | E12: Danemark | F12: 1963 | S12: =CONCATENATE("INSERT INTO Tab3_TOP10_JoueursFoot VALUES ('",A12,$S$1,B12,$S$1,C12,$S$1,D12,$S$1,E12,$S$1,F12,"');") -> INSERT INTO Tab3_TOP10_JoueursFoot VALUES ('11', 'Schmeichel', 'Peter', 'Gardien', 'Danemark', '1963');
A13: 12 | B13: Taffarel | C13: Cláudio | D13: Gardien | E13: Brésil | F13: 1966 | S13: =CONCATENATE("INSERT INTO Tab3_TOP10_JoueursFoot VALUES ('",A13,$S$1,B13,$S$1,C13,$S$1,D13,$S$1,E13,$S$1,F13,"');") -> INSERT INTO Tab3_TOP10_JoueursFoot VALUES ('12', 'Taffarel', 'Cláudio', 'Gardien', 'Brésil', '1966');
... A21: 20 | B21: Messi | C21: Lionel | D21: Attaquant | E21: Argentine | F21: 1987 | S21: =CONCATENATE("INSERT INTO Tab3_TOP10_JoueursFoot VALUES ('",A21,$S$1,B21,$S$1,C21,$S$1,D21,$S$1,E21,$S$1,F21,"');") -> INSERT INTO Tab3_TOP10_JoueursFoot VALUES ('20', 'Messi', 'Lionel', 'Attaquant', 'Argentine', '1987');

Sheet Tab4_BlessuresJoueurs
A1: Prénom | B1: Nom | C1: Type2Blessure_Grave | S1: ', '
A2: Rodri | B2: Hernández | C2: Rupture du ligament croisé du genou | S2: =CONCATENATE("INSERT INTO Tab4_BlessuresJoueurs VALUES ('",A2,$S$1,B2,$S$1,C2,"');") -> INSERT INTO Tab4_BlessuresJoueurs VALUES ('Rodri', 'Hernández', 'Rupture du ligament croisé du genou ');
A3: Dani | B3: Carvajal | C3: Rupture du ligament croisé du genou | S3: =CONCATENATE("INSERT INTO Tab4_BlessuresJoueurs VALUES ('",A3,$S$1,B3,$S$1,C3,"');") -> INSERT INTO Tab4_BlessuresJoueurs VALUES ('Dani', 'Carvajal', 'Rupture du ligament croisé du genou ');
A4: Eder | B4: Militão | C4: Rupture du ligament croisé du genou | S4: =CONCATENATE("INSERT INTO Tab4_BlessuresJoueurs VALUES ('",A4,$S$1,B4,$S$1,C4,"');") -> INSERT INTO Tab4_BlessuresJoueurs VALUES ('Eder', 'Militão', 'Rupture du ligament croisé du genou ');
A5: Mauro | B5: Icardi | C5: Rupture du ligament croisé du genou | S5: =CONCATENATE("INSERT INTO Tab4_BlessuresJoueurs VALUES ('",A5,$S$1,B5,$S$1,C5,"');") -> INSERT INTO Tab4_BlessuresJoueurs VALUES ('Mauro', 'Icardi', 'Rupture du ligament croisé du genou ');
A6: Gianluca | B6: Scamacca | C6: Rupture du ligament croisé du genou | S6: =CONCATENATE("INSERT INTO Tab4_BlessuresJoueurs VALUES ('",A6,$S$1,B6,$S$1,C6,"');") -> INSERT INTO Tab4_BlessuresJoueurs VALUES ('Gianluca', 'Scamacca', 'Rupture du ligament croisé du genou ');
A7: Gleison | B7: Bremer | C7: Rupture du ligament croisé du genou | S7: =CONCATENATE("INSERT INTO Tab4_BlessuresJoueurs VALUES ('",A7,$S$1,B7,$S$1,C7,"');") -> INSERT INTO Tab4_BlessuresJoueurs VALUES ('Gleison', 'Bremer', 'Rupture du ligament croisé du genou ');
A8: Alessandro | B8: Florenzi | C8: Rupture du ligament croisé du genou | S8: =CONCATENATE("INSERT INTO Tab4_BlessuresJoueurs VALUES ('",A8,$S$1,B8,$S$1,C8,"');") -> INSERT INTO Tab4_BlessuresJoueurs VALUES ('Alessandro', 'Florenzi', 'Rupture du ligament croisé du genou ');
A9: Sven | B9: Botman | C9: Rupture du ligament croisé du genou | S9: =CONCATENATE("INSERT INTO Tab4_BlessuresJoueurs VALUES ('",A9,$S$1,B9,$S$1,C9,"');") -> INSERT INTO Tab4_BlessuresJoueurs VALUES ('Sven', 'Botman', 'Rupture du ligament croisé du genou ');
A10: Duván | B10: Zapata | C10: Rupture du ligament croisé du genou | S10: =CONCATENATE("INSERT INTO Tab4_BlessuresJoueurs VALUES ('",A10,$S$1,B10,$S$1,C10,"');") -> INSERT INTO Tab4_BlessuresJoueurs VALUES ('Duván', 'Zapata', 'Rupture du ligament croisé du genou ');
A11: Terem | B11: Moffi | C11: Rupture du ligament croisé | S11: =CONCATENATE("INSERT INTO Tab4_BlessuresJoueurs VALUES ('",A11,$S$1,B11,$S$1,C11,"');") -> INSERT INTO Tab4_BlessuresJoueurs VALUES ('Terem', 'Moffi', 'Rupture du ligament croisé ');
A12: Tiago | B12: Santos | C12: Rupture du ligament croisé | S12: =CONCATENATE("INSERT INTO Tab4_BlessuresJoueurs VALUES ('",A12,$S$1,B12,$S$1,C12,"');") -> INSERT INTO Tab4_BlessuresJoueurs VALUES ('Tiago', 'Santos', 'Rupture du ligament croisé ');
A13: Moïse | B13: Sahi Dion | C13: Rupture du tendon d'Achille | S13: =CONCATENATE("INSERT INTO Tab4_BlessuresJoueurs VALUES ('",A13,$S$1,B13,$S$1,C13,"');") -> INSERT INTO Tab4_BlessuresJoueurs VALUES ('Moïse', 'Sahi Dion', 'Rupture du tendon d'Achille ');
... A53: Tino | B53: Kadewere | C53: Blessure à la cuisse | S53: =CONCATENATE("INSERT INTO Tab4_BlessuresJoueurs VALUES ('",A53,$S$1,B53,$S$1,C53,"');") -> INSERT INTO Tab4_BlessuresJoueurs VALUES ('Tino', 'Kadewere', 'Blessure à la cuisse');

Sheet Tab5_JoueusesFoot
A1: Name | B1: Nationality | C1: Position | D1: Club | E1: Caps | F1: Goals | G1: Date of Birth | S1: ', '
A2: Alex Morgan | B2: USA | C2: Forward | D2: San Diego Wave | E2: 200 | F2: 120 | G2: 32619 | S2: =CONCATENATE("INSERT INTO Tab5_JoueusesFoot VALUES ('",A2,$S$1,B2,$S$1,C2,$S$1,D2,$S$1,E2,$S$1,F2,$S$1,TEXT(G2,"jj/mm/aaaa"),"');") -> INSERT INTO Tab5_JoueusesFoot VALUES ('Alex Morgan', 'USA', 'Forward', 'San Diego Wave', '200', '120', '21/04/1989');
A3: Megan Rapinoe | B3: USA | C3: Winger | D3: OL Reign | E3: 185 | F3: 75 | G3: 31317 | S3: =CONCATENATE("INSERT INTO Tab5_JoueusesFoot VALUES ('",A3,$S$1,B3,$S$1,C3,$S$1,D3,$S$1,E3,$S$1,F3,$S$1,TEXT(G3,"jj/mm/aaaa"),"');") -> INSERT INTO Tab5_JoueusesFoot VALUES ('Megan Rapinoe', 'USA', 'Winger', 'OL Reign', '185', '75', '27/09/1985');
A4: Sam Kerr | B4: Australia | C4: Forward | D4: Chelsea | E4: 150 | F4: 110 | G4: 34227 | S4: =CONCATENATE("INSERT INTO Tab5_JoueusesFoot VALUES ('",A4,$S$1,B4,$S$1,C4,$S$1,D4,$S$1,E4,$S$1,F4,$S$1,TEXT(G4,"jj/mm/aaaa"),"');") -> INSERT INTO Tab5_JoueusesFoot VALUES ('Sam Kerr', 'Australia', 'Forward', 'Chelsea', '150', '110', '15/09/1993');
A5: Lucy Bronze | B5: England | C5: Defender | D5: Barcelona | E5: 130 | F5: 12 | G5: 33517 | S5: =CONCATENATE("INSERT INTO Tab5_JoueusesFoot VALUES ('",A5,$S$1,B5,$S$1,C5,$S$1,D5,$S$1,E5,$S$1,F5,$S$1,TEXT(G5,"jj/mm/aaaa"),"');") -> INSERT INTO Tab5_JoueusesFoot VALUES ('Lucy Bronze', 'England', 'Defender', 'Barcelona', '130', '12', '06/10/1991');
A6: Amandine Henry | B6: France | C6: Midfielder | D6: Olympique Lyonnais | E6: 150 | F6: 25 | G6: 32857 | S6: =CONCATENATE("INSERT INTO Tab5_JoueusesFoot VALUES ('",A6,$S$1,B6,$S$1,C6,$S$1,D6,$S$1,E6,$S$1,F6,$S$1,TEXT(G6,"jj/mm/aaaa"),"');") -> INSERT INTO Tab5_JoueusesFoot VALUES ('Amandine Henry', 'France', 'Midfielder', 'Olympique Lyonnais', '150', '25', '15/12/1989');
A7: Marta Vieira da Silva | B7: Brazil | C7: Forward | D7: Orlando Pride | E7: 180 | F7: 112 | G7: 31448 | S7: =CONCATENATE("INSERT INTO Tab5_JoueusesFoot VALUES ('",A7,$S$1,B7,$S$1,C7,$S$1,D7,$S$1,E7,$S$1,F7,$S$1,TEXT(G7,"jj/mm/aaaa"),"');") -> INSERT INTO Tab5_JoueusesFoot VALUES ('Marta Vieira da Silva', 'Brazil', 'Forward', 'Orlando Pride', '180', '112', '05/02/1986');
A8: Christine Sinclair | B8: Canada | C8: Forward | D8: Portland Thorns | E8: 300 | F8: 190 | G8: 30335 | S8: =CONCATENATE("INSERT INTO Tab5_JoueusesFoot VALUES ('",A8,$S$1,B8,$S$1,C8,$S$1,D8,$S$1,E8,$S$1,F8,$S$1,TEXT(G8,"jj/mm/aaaa"),"');") -> INSERT INTO Tab5_JoueusesFoot VALUES ('Christine Sinclair', 'Canada', 'Forward', 'Portland Thorns', '300', '190', '19/01/1983');
A9: Vivianne Miedema | B9: Netherlands | C9: Forward | D9: Arsenal | E9: 110 | F9: 90 | G9: 35221 | S9: =CONCATENATE("INSERT INTO Tab5_JoueusesFoot VALUES ('",A9,$S$1,B9,$S$1,C9,$S$1,D9,$S$1,E9,$S$1,F9,$S$1,TEXT(G9,"jj/mm/aaaa"),"');") -> INSERT INTO Tab5_JoueusesFoot VALUES ('Vivianne Miedema', 'Netherlands', 'Forward', 'Arsenal', '110', '90', '05/06/1996');
A10: Fran Kirby | B10: England | C10: Midfielder | D10: Chelsea | E10: 80 | F10: 50 | G10: 34249 | S10: =CONCATENATE("INSERT INTO Tab5_JoueusesFoot VALUES ('",A10,$S$1,B10,$S$1,C10,$S$1,D10,$S$1,E10,$S$1,F10,$S$1,TEXT(G10,"jj/mm/aaaa"),"');") -> INSERT INTO Tab5_JoueusesFoot VALUES ('Fran Kirby', 'England', 'Midfielder', 'Chelsea', '80', '50', '07/10/1993');
A11: Ada Hegerberg | B11: Norway | C11: Forward | D11: Olympique Lyonnais | E11: 85 | F11: 55 | G11: 34955 | S11: =CONCATENATE("INSERT INTO Tab5_JoueusesFoot VALUES ('",A11,$S$1,B11,$S$1,C11,$S$1,D11,$S$1,E11,$S$1,F11,$S$1,TEXT(G11,"jj/mm/aaaa"),"');") -> INSERT INTO Tab5_JoueusesFoot VALUES ('Ada Hegerberg', 'Norway', 'Forward', 'Olympique Lyonnais', '85', '55', '13/09/1995');
A12: Dzsenifer Marozsán | B12: Germany | C12: Midfielder | D12: OL Reign | E12: 115 | F12: 30 | G12: 33940 | S12: =CONCATENATE("INSERT INTO Tab5_JoueusesFoot VALUES ('",A12,$S$1,B12,$S$1,C12,$S$1,D12,$S$1,E12,$S$1,F12,$S$1,TEXT(G12,"jj/mm/aaaa"),"');") -> INSERT INTO Tab5_JoueusesFoot VALUES ('Dzsenifer Marozsán', 'Germany', 'Midfielder', 'OL Reign', '115', '30', '02/12/1992');
A13: Wendie Renard | B13: France | C13: Defender | D13: Olympique Lyonnais | E13: 140 | F13: 25 | G13: 33209 | S13: =CONCATENATE("INSERT INTO Tab5_JoueusesFoot VALUES ('",A13,$S$1,B13,$S$1,C13,$S$1,D13,$S$1,E13,$S$1,F13,$S$1,TEXT(G13,"jj/mm/aaaa"),"');") -> INSERT INTO Tab5_JoueusesFoot VALUES ('Wendie Renard', 'France', 'Defender', 'Olympique Lyonnais', '140', '25', '02/12/1990');
... A31: Leah Williamson | B31: England | C31: Defender | D31: Arsenal | E31: 75 | F31: 5 | G31: 35479 | S31: =CONCATENATE("INSERT INTO Tab5_JoueusesFoot VALUES ('",A31,$S$1,B31,$S$1,C31,$S$1,D31,$S$1,E31,$S$1,F31,$S$1,TEXT(G31,"jj/mm/aaaa"),"');") -> INSERT INTO Tab5_JoueusesFoot VALUES ('Leah Williamson', 'England', 'Defender', 'Arsenal', '75', '5', '18/02/1997');

Sheet PaysCountry
A1: Code_Country | B1: Pays | C1: Country | D1: Country_Arabic | E1: ', ' | F1: CREATE TABLE PaysCountry (Code_Country VARCHAR2(5), Pays VARCHAR2(50), Country VARCHAR2(50), Country_Arabic VARCHAR2(50), CONSTRAINT PK_PaysCountry PRIMARY KEY (Code_Country));
A2: ZA | B2: Afrique-du-Sud | C2: South-Africa | D2: جنوب أفريقيا | F2: =CONCATENATE("INSERT INTO PaysCountry VALUES ('",A2,$E$1,B2,$E$1,C2,$E$1,D2,"');") -> INSERT INTO PaysCountry VALUES ('ZA', 'Afrique-du-Sud', 'South-Africa', 'جنوب أفريقيا');
A3: DZ | B3: Algérie | C3: Algeria | D3: الجزائر | F3: =CONCATENATE("INSERT INTO PaysCountry VALUES ('",A3,$E$1,B3,$E$1,C3,$E$1,D3,"');") -> INSERT INTO PaysCountry VALUES ('DZ', 'Algérie', 'Algeria', 'الجزائر');
A4: DE | B4: Allemagne | C4: Germany | D4: ألمانيا | F4: =CONCATENATE("INSERT INTO PaysCountry VALUES ('",A4,$E$1,B4,$E$1,C4,$E$1,D4,"');") -> INSERT INTO PaysCountry VALUES ('DE', 'Allemagne', 'Germany', 'ألمانيا');
A5: GB | B5: Angleterre | C5: England | D5: إنجلترا | F5: =CONCATENATE("INSERT INTO PaysCountry VALUES ('",A5,$E$1,B5,$E$1,C5,$E$1,D5,"');") -> INSERT INTO PaysCountry VALUES ('GB', 'Angleterre', 'England', 'إنجلترا');
A6: SA | B6: Arabie-saoudite | C6: Saudi-Arabia | D6: المملكة العربية السعودية | F6: =CONCATENATE("INSERT INTO PaysCountry VALUES ('",A6,$E$1,B6,$E$1,C6,$E$1,D6,"');") -> INSERT INTO PaysCountry VALUES ('SA', 'Arabie-saoudite', 'Saudi-Arabia', 'المملكة العربية السعودية');
A7: AR | B7: Argentine | C7: Argentina | D7: الأرجنتين | F7: =CONCATENATE("INSERT INTO PaysCountry VALUES ('",A7,$E$1,B7,$E$1,C7,$E$1,D7,"');") -> INSERT INTO PaysCountry VALUES ('AR', 'Argentine', 'Argentina', 'الأرجنتين');
A8: AU | B8: Australie | C8: Australia | D8: أستراليا | F8: =CONCATENATE("INSERT INTO PaysCountry VALUES ('",A8,$E$1,B8,$E$1,C8,$E$1,D8,"');") -> INSERT INTO PaysCountry VALUES ('AU', 'Australie', 'Australia', 'أستراليا');
A9: AT | B9: Autriche | C9: Austria | D9: النمسا | F9: =CONCATENATE("INSERT INTO PaysCountry VALUES ('",A9,$E$1,B9,$E$1,C9,$E$1,D9,"');") -> INSERT INTO PaysCountry VALUES ('AT', 'Autriche', 'Austria', 'النمسا');
A10: BE | B10: Belgique | C10: Belgium | D10: بلجيكا | F10: =CONCATENATE("INSERT INTO PaysCountry VALUES ('",A10,$E$1,B10,$E$1,C10,$E$1,D10,"');") -> INSERT INTO PaysCountry VALUES ('BE', 'Belgique', 'Belgium', 'بلجيكا');
A11: BR | B11: Brésil | C11: Brazil | D11: البرازيل | F11: =CONCATENATE("INSERT INTO PaysCountry VALUES ('",A11,$E$1,B11,$E$1,C11,$E$1,D11,"');") -> INSERT INTO PaysCountry VALUES ('BR', 'Brésil', 'Brazil', 'البرازيل');
A12: CM | B12: Cameroun | C12: Cameroon | D12: الكاميرون | F12: =CONCATENATE("INSERT INTO PaysCountry VALUES ('",A12,$E$1,B12,$E$1,C12,$E$1,D12,"');") -> INSERT INTO PaysCountry VALUES ('CM', 'Cameroun', 'Cameroon', 'الكاميرون');
A13: CA | B13: Canada | C13: Canada | D13: كندا | F13: =CONCATENATE("INSERT INTO PaysCountry VALUES ('",A13,$E$1,B13,$E$1,C13,$E$1,D13,"');") -> INSERT INTO PaysCountry VALUES ('CA', 'Canada', 'Canada', 'كندا');
... A52: UY | B52: Uruguay | C52: Uruguay | D52: أوروغواي | F52: =CONCATENATE("INSERT INTO PaysCountry VALUES ('",A52,$E$1,B52,$E$1,C52,$E$1,D52,"');") -> INSERT INTO PaysCountry VALUES ('UY', 'Uruguay', 'Uruguay', 'أوروغواي');

Sheet PostePosition
A1: ID ??? | B1: Postes | C1: Position_English | D1: Position_Arabic | E1: ', ' | F1: CREATE TABLE PostePosition (ID VARCHAR2(5), Postes VARCHAR2(20), Position_English VARCHAR2(20), Position_Arabic VARCHAR2(20), CONSTRAINT PK_PostePosition PRIMARY KEY (ID));
A2: M_A | B2: Attaquant | C2: Forward | D2: مهاجم | F2: =CONCATENATE("INSERT INTO PostePosition VALUES ('",A2,$E$1,B2,$E$1,C2,$E$1,D2,"');") -> INSERT INTO PostePosition VALUES ('M_A', 'Attaquant', 'Forward', 'مهاجم');
A3: M_M | B3: Milieu | C3: Midfielder | D3: لاعب وسط | F3: =CONCATENATE("INSERT INTO PostePosition VALUES ('",A3,$E$1,B3,$E$1,C3,$E$1,D3,"');") -> INSERT INTO PostePosition VALUES ('M_M', 'Milieu', 'Midfielder', 'لاعب وسط');
A4: M_D | B4: Défenseur | C4: Defender | D4: مدافع | F4: =CONCATENATE("INSERT INTO PostePosition VALUES ('",A4,$E$1,B4,$E$1,C4,$E$1,D4,"');") -> INSERT INTO PostePosition VALUES ('M_D', 'Défenseur', 'Defender', 'مدافع');
A5: M_G | B5: Gardien | C5: Goalkeeper | D5: حارس مرمى | F5: =CONCATENATE("INSERT INTO PostePosition VALUES ('",A5,$E$1,B5,$E$1,C5,$E$1,D5,"');") -> INSERT INTO PostePosition VALUES ('M_G', 'Gardien', 'Goalkeeper', 'حارس مرمى');
A6: M_X1 | B6: Ailier | C6: Winger | D6: جناح | F6: =CONCATENATE("INSERT INTO PostePosition VALUES ('",A6,$E$1,B6,$E$1,C6,$E$1,D6,"');") -> INSERT INTO PostePosition VALUES ('M_X1', 'Ailier', 'Winger', 'جناح');
A7: F_A | B7: Attaquante | C7: Forward | D7: مهاجمة | F7: =CONCATENATE("INSERT INTO PostePosition VALUES ('",A7,$E$1,B7,$E$1,C7,$E$1,D7,"');") -> INSERT INTO PostePosition VALUES ('F_A', 'Attaquante', 'Forward', 'مهاجمة');
A8: F_M | B8: Milieu de terrain | C8: Midfielder | D8: لاعبة وسط | F8: =CONCATENATE("INSERT INTO PostePosition VALUES ('",A8,$E$1,B8,$E$1,C8,$E$1,D8,"');") -> INSERT INTO PostePosition VALUES ('F_M', 'Milieu de terrain', 'Midfielder', 'لاعبة وسط');
A9: F_D | B9: Défenseure | C9: Defender | D9: مدافعة | F9: =CONCATENATE("INSERT INTO PostePosition VALUES ('",A9,$E$1,B9,$E$1,C9,$E$1,D9,"');") -> INSERT INTO PostePosition VALUES ('F_D', 'Défenseure', 'Defender', 'مدافعة');
A10: F_G | B10: Gardienne | C10: Goalkeeper | D10: حارسة مرمى | F10: =CONCATENATE("INSERT INTO PostePosition VALUES ('",A10,$E$1,B10,$E$1,C10,$E$1,D10,"');") -> INSERT INTO PostePosition VALUES ('F_G', 'Gardienne', 'Goalkeeper', 'حارسة مرمى');
A11: F_X2 | B11: Ailière | C11: Winger | D11: جناح | F11: =CONCATENATE("INSERT INTO PostePosition VALUES ('",A11,$E$1,B11,$E$1,C11,$E$1,D11,"');") -> INSERT INTO PostePosition VALUES ('F_X2', 'Ailière', 'Winger', 'جناح');
A12: F_G1 | B12: Gardienne | C12: Goalkeeper | D12: حارسة مرمى | F12: =CONCATENATE("INSERT INTO PostePosition VALUES ('",A12,$E$1,B12,$E$1,C12,$E$1,D12,"');") -> INSERT INTO PostePosition VALUES ('F_G1', 'Gardienne', 'Goalkeeper', 'حارسة مرمى');
B15: Gardienne de but | C15: Goalkeeper | D15: حارسة مرمى
B16: Gardien de but | C16: Goalkeeper | D16: حارس مرمى
B20: Attaquant | C20: Forward
B21: Milieu | C21: Midfielder
B22: Défenseur | C22: Defender
B23: Gardien | C23: Goalkeeper
B24: Ailier | C24: Winger
B25: Attaquante | C25: Forward
B26: Milieu de terrain | C26: Midfielder
B27: Défenseure | C27: Defender
B28: Gardienne | C28: Goalkeeper
B29: Ailière | C29: Winger
B30: Gardienne | C30: Goalkeeper
B31: NULL | C31: NULL
... B42: Goalkeeper | C42: Goalkeeper
